submesh,gpu_id,vertex_id,nearest_distance,reforward_error,world_x,world_y,world_z,local_x,local_y,local_z
Wing,GpuId7157,3965,11.285570102,0.000000000,-5.282161912,-30.292061086,30.022428225,5.897865247,-1.604804742,-2.706337907
Wing,GpuId7157,5081,11.282680605,0.000000000,-5.282161912,-30.292061086,30.022428225,5.897865247,-1.604804742,-2.706337907
Wing,GpuId7157,5257,11.276278174,0.000000000,-5.282161912,-30.292061086,30.022428225,5.897865247,-1.604804742,-2.706337907
Wing,GpuId7157,3841,11.272596905,0.000000000,-5.282161912,-30.292061086,30.022428225,5.897865247,-1.604804742,-2.706337907
Wing,GpuId7157,3748,11.268890317,0.000000000,-5.282161912,-30.292061086,30.022428225,5.897865247,-1.604804742,-2.706337907
Wing,GpuId7157,5080,11.266209334,0.000000000,-5.282161912,-30.292061086,30.022428225,5.897865247,-1.604804742,-2.706337907
Wing,GpuId7157,3969,11.258359161,0.000000000,-5.282161912,-30.292061086,30.022428225,5.897865247,-1.604804742,-2.706337907
Wing,GpuId7157,3746,11.253177730,0.000000000,-5.282161912,-30.292061086,30.022428225,5.897865247,-1.604804742,-2.706337907
Wing,GpuId7157,3749,11.252900126,0.000000000,-5.282161912,-30.292061086,30.022428225,5.897865247,-1.604804742,-2.706337907
Wing,GpuId7157,6653,11.252900126,0.000000000,-5.282161912,-30.292061086,30.022428225,5.897865247,-1.604804742,-2.706337907
Wing,GpuId7157,4945,11.250437433,0.000000000,-5.282161912,-30.292061086,30.022428225,5.897865247,-1.604804742,-2.706337907
Wing,GpuId7157,5256,11.250437433,0.000000000,-5.282161912,-30.292061086,30.022428225,5.897865247,-1.604804742,-2.706337907
Wing,GpuId7157,2688,11.246209614,0.000000000,-5.282161912,-30.292061086,30.022428225,5.897865247,-1.604804742,-2.706337907
Wing,GpuId7157,3123,11.243620815,0.000000000,-5.282161912,-30.292061086,30.022428225,5.897865247,-1.604804742,-2.706337907
Wing,GpuId7157,2690,11.239633554,0.000000000,-5.282161912,-30.292061086,30.022428225,5.897865247,-1.604804742,-2.706337907
Wing,GpuId7157,3842,11.239633554,0.000000000,-5.282161912,-30.292061086,30.022428225,5.897865247,-1.604804742,-2.706337907
Wing,GpuId7157,5079,11.236587617,0.000000000,-5.282161912,-30.292061086,30.022428225,5.897865247,-1.604804742,-2.706337907
Wing,GpuId7157,3847,11.226543113,0.000000000,-5.282161912,-30.292061086,30.022428225,5.897865247,-1.604804742,-2.706337907
Wing,GpuId7157,3724,11.221867760,0.000000000,-5.282161912,-30.292061086,30.022428225,5.897865247,-1.604804742,-2.706337907
Wing,GpuId7157,3744,11.221867760,0.000000000,-5.282161912,-30.292061086,30.022428225,5.897865247,-1.604804742,-2.706337907
Wing,GpuId7157,3760,11.221867760,0.000000000,-5.282161912,-30.292061086,30.022428225,5.897865247,-1.604804742,-2.706337907
Wing,GpuId7157,3962,11.219359440,0.000000000,-5.282161912,-30.292061086,30.022428225,5.897865247,-1.604804742,-2.706337907
Wing,GpuId7157,6650,11.219359440,0.000000000,-5.282161912,-30.292061086,30.022428225,5.897865247,-1.604804742,-2.706337907
Wing,GpuId7157,6655,11.203767171,0.000000000,-5.282161912,-30.292061086,30.022428225,5.896869885,-1.607958814,-2.703379974
Wing,GpuId7157,3960,11.202594135,0.000000000,-5.282161912,-30.292061086,30.022428225,5.897865247,-1.604804742,-2.706337907
Wing,GpuId7157,2780,11.188420598,0.000000000,-5.282161912,-30.292061086,30.022428225,5.897865247,-1.604804742,-2.706337907
Wing,GpuId7157,3743,11.188420598,0.000000000,-5.282161912,-30.292061086,30.022428225,5.897865247,-1.604804742,-2.706337907
Wing,GpuId7157,4947,11.186455907,0.000000000,-5.282161912,-30.292061086,30.022428225,5.896869885,-1.607958814,-2.703379974
Wing,GpuId7157,5248,11.184992238,0.000000000,-5.282161912,-30.292061086,30.022428225,5.897865247,-1.604804742,-2.706337907
Wing,GpuId7157,3961,11.183028237,0.000000000,-5.282161912,-30.292061086,30.022428225,5.897865247,-1.604804742,-2.706337907
Wing,GpuId7157,5072,11.183028237,0.000000000,-5.282161912,-30.292061086,30.022428225,5.897865247,-1.604804742,-2.706337907
Wing,GpuId7157,3966,11.176249907,0.000000000,-5.282161912,-30.292061086,30.022428225,5.897865247,-1.604804742,-2.706337907
Wing,GpuId7157,2782,11.174429960,0.000000000,-5.282161912,-30.292061086,30.022428225,5.897865247,-1.604804742,-2.706337907
Wing,GpuId7157,3967,11.174429960,0.000000000,-5.282161912,-30.292061086,30.022428225,5.897865247,-1.604804742,-2.706337907
Wing,GpuId7157,5249,11.174429960,0.000000000,-5.282161912,-30.292061086,30.022428225,5.897865247,-1.604804742,-2.706337907
Wing,GpuId7157,5066,11.167705919,0.000000000,-5.282161912,-30.292061086,30.022428225,5.894884029,-1.614253704,-2.697444141
Wing,GpuId7157,3745,11.167507126,0.000000000,-5.282161912,-30.292061086,30.022428225,5.897865247,-1.604804742,-2.706337907
Wing,GpuId7157,5083,11.167507126,0.000000000,-5.282161912,-30.292061086,30.022428225,5.897865247,-1.604804742,-2.706337907
Wing,GpuId7157,3886,11.167375889,0.000000000,-5.282161912,-30.292061086,30.022428225,5.897865247,-1.604804742,-2.706337907
Wing,GpuId7157,5082,11.167375889,0.000000000,-5.282161912,-30.292061086,30.022428225,5.897865247,-1.604804742,-2.706337907
Wing,GpuId7157,5265,11.167375889,0.000000000,-5.282161912,-30.292061086,30.022428225,5.897865247,-1.604804742,-2.706337907
Wing,GpuId7157,3761,11.149350190,0.000000000,-5.282161912,-30.292061086,30.022428225,5.896869885,-1.607958814,-2.703379974
Wing,GpuId7157,3762,11.149350190,0.000000000,-5.282161912,-30.292061086,30.022428225,5.896869885,-1.607958814,-2.703379974
Wing,GpuId7157,6654,11.140636066,0.000000000,-5.282161912,-30.292061086,30.022428225,5.896869885,-1.607958814,-2.703379974
Wing,GpuId7157,5568,11.125413624,0.000000000,-5.282161912,-30.292061086,30.022428225,5.893893546,-1.617394483,-2.694466262
Wing,GpuId7157,2788,11.113324710,0.000000000,-5.282161912,-30.292061086,30.022428225,5.896869885,-1.607958814,-2.703379974
Wing,GpuId7157,6672,11.097193860,0.000000000,-5.282161912,-30.292061086,30.022428225,5.896869885,-1.607958814,-2.703379974
Wing,GpuId7157,2785,11.095934022,0.000000000,-5.282161912,-30.292061086,30.022428225,5.896869885,-1.607958814,-2.703379974
Wing,GpuId7157,3436,11.083218085,0.000000000,-5.282161912,-30.292061086,30.022428225,5.893893546,-1.617394483,-2.694466262
Wing,GpuId7157,3963,11.083218085,0.000000000,-5.282161912,-30.292061086,30.022428225,5.893893546,-1.617394483,-2.694466262
Wing,GpuId7157,2971,11.080410118,0.000000000,-5.282161912,-30.292061086,30.022428225,5.896869885,-1.607958814,-2.703379974
Wing,GpuId7157,3658,11.080410118,0.000000000,-5.282161912,-30.292061086,30.022428225,5.896869885,-1.607958814,-2.703379974
Wing,GpuId7157,6587,11.030746996,0.000000000,-5.282161912,-30.292061086,30.022428225,5.895876144,-1.611108475,-2.700415382
Wing,GpuId7157,5561,11.012794444,0.000000000,-5.279018093,-30.054994038,30.040289671,5.812740967,-1.647376762,-2.639052112
Wing,GpuId7157,5068,11.010694238,0.000000000,-5.282161912,-30.292061086,30.022428225,5.894884029,-1.614253704,-2.697444141
Wing,GpuId7157,3434,10.990680038,0.000000000,-5.279018093,-30.054994038,30.040289671,5.812740967,-1.647376762,-2.639052112
Wing,GpuId7157,5084,10.990680038,0.000000000,-5.279018093,-30.054994038,30.040289671,5.812740967,-1.647376762,-2.639052112
Wing,GpuId7157,6589,10.974833985,0.000000000,-5.282161912,-30.292061086,30.022428225,5.895876144,-1.611108475,-2.700415382
Wing,GpuId7157,3026,10.958719569,0.000000000,-5.282161912,-30.292061086,30.022428225,5.894884029,-1.614253704,-2.697444141
Wing,GpuId7157,2970,10.948512954,0.000000000,-5.282161912,-30.292061086,30.022428225,5.895876144,-1.611108475,-2.700415382
Wing,GpuId7157,3663,10.948512954,0.000000000,-5.282161912,-30.292061086,30.022428225,5.895876144,-1.611108475,-2.700415382
Wing,GpuId7157,5565,10.941763056,0.000000000,-5.279018093,-30.054994038,30.040289671,5.808557378,-1.672451265,-2.612435419
Wing,GpuId7157,3753,10.919337598,0.000000000,-5.279018093,-30.054994038,30.040289671,5.808557378,-1.672451265,-2.612435419
Wing,GpuId7157,4932,10.919337598,0.000000000,-5.279018093,-30.054994038,30.040289671,5.808557378,-1.672451265,-2.612435419
Wing,GpuId7157,5562,10.912198923,0.000000000,-5.279018093,-30.054994038,30.040289671,5.823357089,-1.782796022,-2.476374530
Wing,GpuId7157,3122,10.892421495,0.000000000,-5.279018093,-30.054994038,30.040289671,5.814570350,-1.722186607,-2.553444017
Wing,GpuId7157,5560,10.881820987,0.000000000,-5.279018093,-30.054994038,30.040289671,5.814382103,-1.653906397,-2.631468519
Wing,GpuId7157,5788,10.877034085,0.000000000,-5.279018093,-30.054994038,30.040289671,5.820449341,-1.622860460,-2.663394207
Wing,GpuId7157,2812,10.870490559,0.000000000,-5.279018093,-30.054994038,30.040289671,5.823357089,-1.782796022,-2.476374530
Wing,GpuId7157,3750,10.870490559,0.000000000,-5.279018093,-30.054994038,30.040289671,5.823357089,-1.782796022,-2.476374530
Wing,GpuId7157,3433,10.859528636,0.000000000,-5.279018093,-30.054994038,30.040289671,5.813490055,-1.656692021,-2.628640886
Wing,GpuId7157,3843,10.851374107,0.000000000,-5.279018093,-30.054994038,30.040289671,5.814633292,-1.721683005,-2.554024589
Wing,GpuId7157,3890,10.851374107,0.000000000,-5.279018093,-30.054994038,30.040289671,5.814633292,-1.721683005,-2.554024589
Wing,GpuId7157,3889,10.831947446,0.000000000,-5.279018093,-30.054994038,30.040289671,5.863492996,-1.885585154,-2.323795243
Wing,GpuId7157,5579,10.828371914,0.000000000,-5.279018093,-30.054994038,30.040289671,5.879376509,-1.957510845,-2.207250102
Wing,GpuId7157,3970,10.795019621,0.000000000,-5.279018093,-30.054994038,30.040289671,5.865772839,-1.888532109,-2.318745513
Wing,GpuId7157,5128,10.795019621,0.000000000,-5.279018093,-30.054994038,30.040289671,5.865772839,-1.888532109,-2.318745513
Wing,GpuId7157,3185,10.794038548,0.000000000,-5.279018093,-30.054994038,30.040289671,5.816602619,-1.635088958,-2.651340759
Wing,GpuId7157,5791,10.791063391,0.000000000,-5.282161912,-30.292061086,30.022428225,5.888965827,-1.633030977,-2.679477680
Wing,GpuId7157,5569,10.783857404,0.000000000,-5.279018093,-30.054994038,30.040289671,5.865252039,-1.879378556,-2.332318205
Wing,GpuId7157,2701,10.753080153,0.000000000,-5.279018093,-30.054994038,30.040289671,5.865252039,-1.879378556,-2.332318205
Wing,GpuId7157,3752,10.753080153,0.000000000,-5.279018093,-30.054994038,30.040289671,5.865252039,-1.879378556,-2.332318205
Wing,GpuId7157,2810,10.738865120,0.000000000,-5.279018093,-30.054994038,30.040289671,5.887693038,-1.960943961,-2.198831752
Wing,GpuId7157,3846,10.738865120,0.000000000,-5.279018093,-30.054994038,30.040289671,5.887693038,-1.960943961,-2.198831752
Wing,GpuId7157,5786,10.722494170,0.000000000,-5.282161912,-30.292061086,30.022428225,5.889948058,-1.629912727,-2.682488584
Wing,GpuId7157,3226,10.708424309,0.000000000,-5.282161912,-30.292061086,30.022428225,5.887006376,-1.639253772,-2.673436168
Wing,GpuId7157,5566,10.685819582,0.000000000,-5.279018093,-30.054994038,30.040289671,5.824992337,-1.723382036,-2.549163818
Wing,GpuId7157,4882,10.684993576,0.000000000,-5.282161912,-30.292061086,30.022428225,5.888965827,-1.633030977,-2.679477680
Wing,GpuId7157,4950,10.684993576,0.000000000,-5.282161912,-30.292061086,30.022428225,5.888965827,-1.633030977,-2.679477680
Wing,GpuId7157,3152,10.646632102,0.000000000,-5.279018093,-30.054994038,30.040289671,5.822821544,-1.707407908,-2.568591017
Wing,GpuId7157,5584,10.628276980,0.000000000,-5.279018093,-30.054994038,30.040289671,5.863655082,-1.930367011,-2.255839336
Wing,GpuId7157,6100,10.596343743,0.000000000,-5.279018093,-30.054994038,30.040289671,5.825051944,-1.655161667,-2.627223859
Wing,GpuId7157,3484,10.564139768,0.000000000,-4.552189337,-16.421283790,21.038499274,4.040136079,3.183320395,0.325514479
Wing,GpuId7157,3747,10.564139768,0.000000000,-4.552189337,-16.421283790,21.038499274,4.040136079,3.183320395,0.325514479
Wing,GpuId7157,3487,10.543699864,0.000000000,-5.279018093,-30.054994038,30.040289671,5.864574276,-1.927890450,-2.259418977
Wing,GpuId7157,3222,10.533670450,0.000000000,-5.279018093,-30.054994038,30.040289671,5.820178149,-1.670652801,-2.611339982
Wing,GpuId7157,3432,10.517129039,0.000000000,-4.698852660,-16.658073917,22.481721802,3.816174285,2.569504330,-0.007365813
Wing,GpuId7157,5574,10.502163486,0.000000000,-5.279018093,-30.054994038,30.040289671,5.847583911,-1.813616354,-2.429190967
Wing,GpuId7157,6103,10.496847774,0.000000000,-5.279018093,-30.054994038,30.040289671,5.823729826,-1.636122252,-2.648323960
Wing,GpuId7157,5564,10.472457961,0.000000000,-4.499035143,-16.377683127,20.406778214,4.149230248,3.447242788,0.463836518
Wing,GpuId7157,2703,10.462402612,0.000000000,-5.279018093,-30.054994038,30.040289671,5.826153240,-1.774324805,-2.486354200
Wing,GpuId7157,5601,10.441437563,0.000000000,-4.698852660,-16.658073917,22.481721802,3.816710828,2.567965521,-0.006751088
Wing,GpuId7157,5578,10.438770525,0.000000000,-5.279018093,-30.054994038,30.040289671,5.887646725,-2.016425788,-2.103114221
Wing,GpuId7157,5800,10.424035820,0.000000000,-5.279018093,-30.054994038,30.040289671,5.821154846,-1.632429726,-2.652986356
Wing,GpuId7157,4884,10.422112287,0.000000000,-5.279018093,-30.054994038,30.040289671,5.819873709,-1.648213129,-2.636238215
Wing,GpuId7157,3227,10.393927495,0.000000000,-5.279018093,-30.054994038,30.040289671,5.820182180,-1.635511955,-2.649931792
Wing,GpuId7157,5213,10.393927495,0.000000000,-5.279018093,-30.054994038,30.040289671,5.820182180,-1.635511955,-2.649931792
Wing,GpuId7157,6169,10.384623836,0.000000000,-5.279018093,-30.054994038,30.040289671,5.824068609,-1.692598276,-2.585398617
Wing,GpuId7157,5559,10.384050420,0.000000000,-5.279018093,-30.054994038,30.040289671,5.832243211,-1.898161712,-2.314769731
Wing,GpuId7157,2704,10.366962264,0.000000000,-5.279018093,-30.054994038,30.040289671,5.875124518,-2.000959509,-2.134995899
Wing,GpuId7157,2968,10.341819928,0.000000000,-5.279018093,-30.054994038,30.040289671,5.820615218,-1.725392630,-2.547976181
Wing,GpuId7157,3511,10.338096092,0.000000000,-4.552189337,-16.421283790,21.038499274,4.052864169,3.178949135,0.320775702
Wing,GpuId7157,3964,10.338096092,0.000000000,-4.552189337,-16.421283790,21.038499274,4.052864169,3.178949135,0.320775702
Wing,GpuId7157,2702,10.308057514,0.000000000,-5.279018093,-30.054994038,30.040289671,5.815122413,-1.870434898,-2.360285730
Wing,GpuId7157,3547,10.292339320,0.000000000,-4.698852660,-16.658073917,22.481721802,3.803302549,2.557612844,0.001943673
Wing,GpuId7157,6677,10.282395168,0.000000000,-5.279018093,-30.054994038,30.040289671,5.819566254,-1.660828633,-2.622445592
Wing,GpuId7157,3958,10.240783833,0.000000000,-4.552189337,-16.421283790,21.038499274,4.061452442,3.175211532,0.316614585
Wing,GpuId7157,4961,10.240783833,0.000000000,-4.552189337,-16.421283790,21.038499274,4.061452442,3.175211532,0.316614585
Wing,GpuId7157,5563,10.233723996,0.000000000,-4.499035143,-16.377683127,20.406778214,4.163267726,3.444268602,0.454462436
Wing,GpuId7157,5576,10.230109523,0.000000000,-5.279018093,-30.054994038,30.040289671,5.832357538,-1.963694836,-2.212214164
Wing,GpuId7157,3309,10.229558349,0.000000000,-5.279018093,-30.054994038,30.040289671,5.856703169,-2.086614269,-1.975757401
Wing,GpuId7157,2998,10.213298094,0.000000000,-5.279018093,-30.054994038,30.040289671,5.815433444,-1.685390328,-2.595981469
Wing,GpuId7157,6675,10.210465844,0.000000000,-5.279018093,-30.054994038,30.040289671,5.816977574,-1.657370330,-2.626962436
Wing,GpuId7157,5787,10.196555323,0.000000000,-5.279018093,-30.054994038,30.040289671,5.800779174,-1.764939474,-2.505154767
Wing,GpuId7157,3029,10.188327893,0.000000000,-5.279018093,-30.054994038,30.040289671,5.799113320,-1.803313213,-2.456585184
Wing,GpuId7157,2991,10.182910443,0.000000000,-5.279018093,-30.054994038,30.040289671,5.814097050,-1.666484291,-2.617628990
Wing,GpuId7157,5341,10.182910443,0.000000000,-5.279018093,-30.054994038,30.040289671,5.814097050,-1.666484291,-2.617628990
Wing,GpuId7157,4962,10.164165679,0.000000000,-4.698852660,-16.658073917,22.481721802,3.842508134,2.560187290,-0.006672562
Wing,GpuId7157,3597,10.159696781,0.000000000,-5.279018093,-30.054994038,30.040289671,5.813487443,-1.933924170,-2.265731759
Wing,GpuId7157,5592,10.140209532,0.000000000,-4.499035143,-16.377683127,20.406778214,4.171504829,3.441972712,0.448123582
Wing,GpuId7157,5796,10.103342960,0.000000000,-5.279018093,-30.054994038,30.040289671,5.774244866,-1.837585047,-2.417524020
Wing,GpuId7157,6676,10.087357963,0.000000000,-5.279018093,-30.054994038,30.040289671,5.805303540,-1.705860529,-2.575134747
Wing,GpuId7157,5571,10.086722608,0.000000000,-4.552189337,-16.421283790,21.038499274,4.054772065,3.178536015,0.316887870
Wing,GpuId7157,5577,10.062028454,0.000000000,-5.279018093,-30.054994038,30.040289671,5.814410331,-2.058646875,-2.049239509
Wing,GpuId7157,3462,10.037779593,0.000000000,-4.698852660,-16.658073917,22.481721802,3.789526731,2.548404462,0.013506311
Wing,GpuId7157,2993,10.024605643,0.000000000,-5.279018093,-30.054994038,30.040289671,5.799491918,-1.735631600,-2.541431608
Wing,GpuId7157,3186,10.022079738,0.000000000,-5.279018093,-30.054994038,30.040289671,5.774159863,-1.848708265,-2.402259580
Wing,GpuId7157,6671,10.013940530,0.000000000,-5.279018093,-30.054994038,30.040289671,5.802734198,-1.702498042,-2.579725325
Wing,GpuId7157,2684,10.008615408,0.000000000,-5.279018093,-30.054994038,30.040289671,5.777649357,-2.027770596,-2.117954169
Wing,GpuId7157,3299,10.004405717,0.000000000,-4.552189337,-16.421283790,21.038499274,4.071881865,3.175290539,0.314434681
Wing,GpuId7157,5085,10.004405717,0.000000000,-4.552189337,-16.421283790,21.038499274,4.071881865,3.175290539,0.314434681
Wing,GpuId7157,2994,9.988723332,0.000000000,-5.279018093,-30.054994038,30.040289671,5.800865613,-1.708430157,-2.573320426
Wing,GpuId7157,5342,9.988723332,0.000000000,-5.279018093,-30.054994038,30.040289671,5.800865613,-1.708430157,-2.573320426
Wing,GpuId7157,5575,9.979502215,0.000000000,-5.279018093,-30.054994038,30.040289671,5.742266197,-1.928433745,-2.294221562
Wing,GpuId7157,2926,9.972113106,0.000000000,-5.279018093,-30.054994038,30.040289671,5.791653947,-2.116894520,-1.937615422
Wing,GpuId7157,3510,9.962088816,0.000000000,-4.698852660,-16.658073917,22.481721802,3.860350892,2.552400746,-0.003528704
Wing,GpuId7157,3566,9.948953685,0.000000000,-4.698852660,-16.658073917,22.481721802,3.824934736,2.554249531,0.000390394
Wing,GpuId7157,5827,9.941863638,0.000000000,-5.279018093,-30.054994038,30.040289671,5.718256118,-1.984956061,-2.209408985
Wing,GpuId7157,5789,9.934493854,0.000000000,-5.279018093,-30.054994038,30.040289671,5.786922802,-1.752876025,-2.523789919
Wing,GpuId7157,5872,9.924167037,0.000000000,-5.279018093,-30.054994038,30.040289671,5.782191864,-2.152241794,-1.862970025
Wing,GpuId7157,5600,9.922658277,0.000000000,-4.552189337,-16.421283790,21.038499274,4.069754580,3.173893074,0.311386067
Wing,GpuId7157,3565,9.921086107,0.000000000,-4.698852660,-16.658073917,22.481721802,3.796193397,2.545967322,0.011817861
Wing,GpuId7157,3475,9.894653636,0.000000000,-5.279018093,-30.054994038,30.040289671,5.753716602,-2.106427531,-1.972083368
Wing,GpuId7157,5567,9.871318977,0.000000000,-4.552189337,-16.421283790,21.038499274,4.066942405,3.178598410,0.315745551
Wing,GpuId7157,5831,9.869353903,0.000000000,-5.279018093,-30.054994038,30.040289671,5.696133294,-2.047313965,-2.104447382
Wing,GpuId7157,3596,9.867100820,0.000000000,-5.279018093,-30.054994038,30.040289671,5.744617034,-1.920913403,-2.305152391
Wing,GpuId7157,3564,9.861415477,0.000000000,-4.698852660,-16.658073917,22.481721802,3.822215205,2.554327041,0.002301960
Wing,GpuId7157,4880,9.848965485,0.000000000,-5.279018093,-30.054994038,30.040289671,5.774616635,-1.792081360,-2.477724786
Wing,GpuId7157,2739,9.847258089,0.000000000,-5.279018093,-30.054994038,30.040289671,5.724681042,-2.160708313,-1.856944088
Wing,GpuId7157,5799,9.844697303,0.000000000,-5.279018093,-30.054994038,30.040289671,5.785266220,-1.746706264,-2.531776304
Wing,GpuId7157,3221,9.823303714,0.000000000,-5.279018093,-30.054994038,30.040289671,5.781878711,-1.768786953,-2.505388102
Wing,GpuId7157,3371,9.823303714,0.000000000,-5.279018093,-30.054994038,30.040289671,5.781878711,-1.768786953,-2.505388102
Wing,GpuId7157,3373,9.809043638,0.000000000,-5.279018093,-30.054994038,30.040289671,5.758316865,-1.844362774,-2.412441881
Wing,GpuId7157,3055,9.799442331,0.000000000,-5.279018093,-30.054994038,30.040289671,5.740020781,-2.176133995,-1.817274106
Wing,GpuId7157,3435,9.797390991,0.000000000,-4.552189337,-16.421283790,21.038499274,4.078815938,3.178077001,0.316036595
Wing,GpuId7157,3634,9.793537842,0.000000000,-5.279018093,-30.054994038,30.040289671,5.676264311,-2.120488553,-1.962871791
Wing,GpuId7157,3346,9.774278021,0.000000000,-5.279018093,-30.054994038,30.040289671,5.725812155,-1.970971992,-2.230720984
Wing,GpuId7157,5780,9.769416369,0.000000000,-4.698852660,-16.658073917,22.481721802,3.759353737,2.527837966,0.041035152
Wing,GpuId7157,3504,9.765791944,0.000000000,-4.552189337,-16.421283790,21.038499274,4.082710984,3.188048646,0.323545542
Wing,GpuId7157,5086,9.765791944,0.000000000,-4.552189337,-16.421283790,21.038499274,4.082710984,3.188048646,0.323545542
Wing,GpuId7157,2770,9.747106090,0.000000000,-4.698852660,-16.658073917,22.481721802,3.787159237,2.540725127,0.018186911
Wing,GpuId7157,5828,9.744046107,0.000000000,-5.279018093,-30.054994038,30.040289671,5.716648535,-1.968878237,-2.236537411
Wing,GpuId7157,5825,9.727996791,0.000000000,-5.279018093,-30.054994038,30.040289671,5.662750954,-2.167293216,-1.858456044
Wing,GpuId7157,5591,9.715409178,0.000000000,-4.552189337,-16.421283790,21.038499274,4.077763987,3.180478164,0.316026951
Wing,GpuId7157,5218,9.712062183,0.000000000,-5.279018093,-30.054994038,30.040289671,5.707289481,-2.020939710,-2.149839723
Wing,GpuId7157,5572,9.697169610,0.000000000,-4.552189337,-16.421283790,21.038499274,4.083394439,3.188036335,0.321540558
Wing,GpuId7157,3662,9.690843228,0.000000000,-5.279018093,-30.054994038,30.040289671,5.760866378,-1.825007283,-2.438056545
Wing,GpuId7157,5826,9.684484054,0.000000000,-5.279018093,-30.054994038,30.040289671,5.680387358,-2.079290366,-2.046695832
Wing,GpuId7157,3343,9.681906778,0.000000000,-5.279018093,-30.054994038,30.040289671,5.745613139,-1.874369272,-2.373668494
Wing,GpuId7157,5722,9.679218690,0.000000000,-5.279018093,-30.054994038,30.040289671,5.656611249,-2.188951380,-1.805350073
Wing,GpuId7157,3344,9.676433449,0.000000000,-5.279018093,-30.054994038,30.040289671,5.757484987,-1.835915855,-2.424206244
Wing,GpuId7157,3656,9.676433449,0.000000000,-5.279018093,-30.054994038,30.040289671,5.757484987,-1.835915855,-2.424206244
Wing,GpuId7157,3453,9.656685355,0.000000000,-5.279018093,-30.054994038,30.040289671,5.691026169,-2.080729650,-2.041902789
Wing,GpuId7157,5869,9.644975986,0.000000000,-5.279018093,-30.054994038,30.040289671,5.654335684,-2.197003652,-1.784680881
Wing,GpuId7157,3548,9.634336415,0.000000000,-4.698852660,-16.658073917,22.481721802,3.847911834,2.553775083,-0.000121504
Wing,GpuId7157,3639,9.629185899,0.000000000,-5.279018093,-30.054994038,30.040289671,5.663799078,-2.136056803,-1.930576447
Wing,GpuId7157,5873,9.628647006,0.000000000,-4.698852660,-16.658073917,22.481721802,3.795609844,2.540034479,0.015843768
Wing,GpuId7157,5419,9.621629335,0.000000000,-5.279018093,-30.054994038,30.040289671,5.655727554,-2.201899419,-1.771093632
Wing,GpuId7157,5830,9.601318520,0.000000000,-5.279018093,-30.054994038,30.040289671,5.721575056,-1.941888949,-2.278620764
Wing,GpuId7157,3295,9.597259725,0.000000000,-4.698852660,-16.658073917,22.481721802,3.821970590,2.545422908,0.005370568
Wing,GpuId7157,2740,9.596901501,0.000000000,-5.279018093,-30.054994038,30.040289671,5.672866984,-2.142431716,-1.914718560
Wing,GpuId7157,3638,9.588462832,0.000000000,-5.279018093,-30.054994038,30.040289671,5.726108642,-1.926985008,-2.300650195
Wing,GpuId7157,3660,9.588462832,0.000000000,-5.279018093,-30.054994038,30.040289671,5.726108642,-1.926985008,-2.300650195
Wing,GpuId7157,3053,9.585804504,0.000000000,-4.698852660,-16.658073917,22.481721802,3.749948167,2.527844084,0.045027382
Wing,GpuId7157,3512,9.580245474,0.000000000,-4.552189337,-16.421283790,21.038499274,4.098454753,3.188315622,0.321434390
Wing,GpuId7157,2686,9.575938698,0.000000000,-5.279018093,-30.054994038,30.040289671,5.725542591,-1.939702266,-2.281038074
Wing,GpuId7157,3366,9.569416974,0.000000000,-5.279018093,-30.054994038,30.040289671,5.655227389,-2.173774038,-1.844430122
Wing,GpuId7157,5871,9.558222376,0.000000000,-4.698852660,-16.658073917,22.481721802,3.839671985,2.555906777,0.002021596
Wing,GpuId7157,3054,9.553752679,0.000000000,-5.279018093,-30.054994038,30.040289671,5.663379126,-2.182946068,-1.820286593
Wing,GpuId7157,3531,9.540413900,0.000000000,-4.552189337,-16.421283790,21.038499274,4.110267585,3.216798322,0.340520153
