submesh,gpu_id,vertex_id,error_exact,error_translation_only,error_affine,late_x,late_y,late_z,pix_x,pix_y,pix_z
Wing,GpuId7157,5600,0.527370804,0.663037190,0.584112810,9.645240784,-6.477569580,0.741142273,-1.630730000,-25.307000000,20.130900000
Wing,GpuId7157,5592,0.497413302,0.633431681,0.554256092,9.658313751,-6.622439384,0.576379776,-1.752860000,-25.595800000,20.051600000
Wing,GpuId7157,3299,0.494218213,0.629241417,0.550006185,9.603676796,-6.535041809,0.749121666,-1.639560000,-25.436200000,20.175100000
Wing,GpuId7157,5085,0.494218213,0.629241417,0.550006185,9.603676796,-6.535041809,0.749121666,-1.639560000,-25.436200000,20.175100000
Wing,GpuId7157,5610,0.460851614,0.600129758,0.542741916,7.325400352,-2.892700911,2.244416237,-1.677880000,-18.830600000,22.682400000
Wing,GpuId7157,3225,0.460843802,0.599950510,0.542431873,7.313771725,-2.898338795,2.275713205,-1.658360000,-18.838000000,22.707600000
Wing,GpuId7157,5095,0.460843802,0.599950510,0.542431873,7.313771725,-2.898338795,2.275713205,-1.658360000,-18.838000000,22.707600000
Wing,GpuId7157,5615,0.461248999,0.599690196,0.542013050,7.309513092,-2.999583006,2.167216063,-1.744220000,-19.023200000,22.646200000
Wing,GpuId7157,3228,0.459682382,0.598014108,0.540236151,7.305518627,-2.990177870,2.210141420,-1.712240000,-19.005600000,22.672700000
Wing,GpuId7157,5094,0.459682382,0.598014108,0.540236151,7.305518627,-2.990177870,2.210141420,-1.712240000,-19.005600000,22.672700000
Wing,GpuId7157,5626,0.455598459,0.596480438,0.540232428,7.226679802,-2.706918955,2.312164068,-1.677480000,-18.492300000,22.813600000
Wing,GpuId7157,5572,0.482454611,0.617676188,0.537981793,9.782148361,-6.273478508,1.140301704,-1.229030000,-24.984300000,20.244500000
Wing,GpuId7157,5670,0.452411490,0.592450921,0.535932448,7.188849449,-2.796730757,2.257211924,-1.738230000,-18.655300000,22.805500000
Wing,GpuId7157,5753,0.451136379,0.590059190,0.533487741,7.141871452,-2.938359737,2.091151953,-1.892350000,-18.914000000,22.742400000
Wing,GpuId7157,3958,0.477320276,0.612620219,0.532984180,9.613571167,-6.687359810,0.611551762,-1.743460000,-25.723900000,20.108800000
Wing,GpuId7157,4961,0.477320276,0.612620219,0.532984180,9.613571167,-6.687359810,0.611551762,-1.743460000,-25.723900000,20.108800000
Wing,GpuId7157,3944,0.448493261,0.589064125,0.532616047,7.196382046,-2.716274261,2.359826088,-1.654470000,-18.510800000,22.862600000
Wing,GpuId7157,4920,0.448493261,0.589064125,0.532616047,7.196382046,-2.716274261,2.359826088,-1.654470000,-18.510800000,22.862600000
Wing,GpuId7157,5625,0.449955960,0.589013626,0.532016813,7.184551239,-2.885614872,2.244986057,-1.747800000,-18.816700000,22.795000000
Wing,GpuId7157,5614,0.450618940,0.588799639,0.530664295,7.398598671,-3.061843634,2.127920389,-1.726310000,-19.153400000,22.556100000
Wing,GpuId7157,4911,0.446260979,0.585734331,0.528995117,7.154503822,-2.822946548,2.292552710,-1.726340000,-18.703700000,22.848900000
Wing,GpuId7157,5134,0.446260979,0.585734331,0.528995117,7.154503822,-2.822946548,2.292552710,-1.726340000,-18.703700000,22.848900000
Wing,GpuId7157,5756,0.446420648,0.583629155,0.525384604,7.323874474,-3.162673473,2.059133530,-1.813800000,-19.334400000,22.572900000
Wing,GpuId7157,3940,0.443518078,0.582329114,0.525362521,7.157078743,-2.876269102,2.272083521,-1.741110000,-18.803300000,22.831300000
Wing,GpuId7157,4914,0.443518078,0.582329114,0.525362521,7.157078743,-2.876269102,2.272083521,-1.741110000,-18.803300000,22.831300000
Wing,GpuId7157,4877,0.443755603,0.581365918,0.523040299,7.362358093,-3.077578783,2.180601358,-1.701600000,-19.182800000,22.612200000
Wing,GpuId7157,5131,0.443755603,0.581365918,0.523040299,7.362358093,-3.077578783,2.180601358,-1.701600000,-19.182800000,22.612200000
Wing,GpuId7157,197,0.423653698,0.556341018,0.522219398,-9.109265327,-5.891218662,1.792844057,-11.402800000,-22.471300000,36.218600000
Wing,GpuId7157,5591,0.463639623,0.598536589,0.520802931,9.457667351,-6.390107632,0.697726727,-1.759250000,-25.203800000,20.264800000
Wing,GpuId7157,3231,0.439170044,0.577209620,0.520326421,7.097996712,-2.954157591,2.181645632,-1.841460000,-18.946500000,22.824300000
Wing,GpuId7157,5135,0.439170044,0.577209620,0.520326421,7.097996712,-2.954157591,2.181645632,-1.841460000,-18.946500000,22.824300000
Wing,GpuId7157,3224,0.437775309,0.574826878,0.516562965,7.320613384,-3.145577192,2.097172260,-1.787340000,-19.310500000,22.598300000
Wing,GpuId7157,5133,0.437775309,0.574826878,0.516562965,7.320613384,-3.145577192,2.097172260,-1.787340000,-19.310500000,22.598300000
Wing,GpuId7157,3524,0.438598331,0.571379940,0.515949813,6.823680878,-3.312806129,1.605837822,-2.445700000,-19.604200000,22.693000000
Wing,GpuId7157,5631,0.437625054,0.571061009,0.515619230,6.859932899,-3.303009510,1.574737549,-2.451930000,-19.590800000,22.650600000
Wing,GpuId7157,5624,0.436593091,0.573668660,0.515299447,7.376392365,-3.132124186,2.106599331,-1.751490000,-19.292800000,22.558700000
Wing,GpuId7157,653,0.418528358,0.550153590,0.515276048,-9.059481621,-5.951043606,1.803267241,-11.370600000,-22.586800000,36.196600000
Wing,GpuId7157,2054,0.418528358,0.550153590,0.515276048,-9.059481621,-5.951043606,1.803267241,-11.370600000,-22.586800000,36.196600000
Wing,GpuId7157,266,0.419689823,0.550403160,0.515253636,-9.139643669,-5.794194221,2.084210396,-11.198400000,-22.290300000,36.415100000
Wing,GpuId7157,5563,0.457502482,0.593715808,0.514954894,9.570180893,-6.705377102,0.414548874,-1.928140000,-25.777700000,20.053400000
Wing,GpuId7157,5748,0.429209640,0.569730273,0.514785886,7.006683350,-2.754009724,2.058748245,-1.992600000,-18.597700000,22.848800000
Wing,GpuId7157,5749,0.426889999,0.569398151,0.513761198,7.276586056,-2.528426886,2.452485800,-1.541280000,-18.198000000,22.881700000
Wing,GpuId7157,3504,0.457540419,0.592252069,0.512245815,9.756822586,-6.319113731,1.162351608,-1.220070000,-25.084900000,20.283200000
Wing,GpuId7157,5086,0.457540419,0.592252069,0.512245815,9.756822586,-6.319113731,1.162351608,-1.220070000,-25.084900000,20.283200000
Wing,GpuId7157,374,0.417279111,0.546961631,0.511066873,-9.091008186,-5.846685410,2.113434315,-11.151900000,-22.389100000,36.403300000
Wing,GpuId7157,655,0.417279111,0.546961631,0.511066873,-9.091008186,-5.846685410,2.113434315,-11.151900000,-22.389100000,36.403300000
Wing,GpuId7157,3512,0.455785305,0.588706477,0.509983823,9.534667015,-6.252545357,1.126550674,-1.364780000,-24.961400000,20.418900000
Wing,GpuId7157,4916,0.423910869,0.566019830,0.509568962,7.257333279,-2.611362696,2.494595528,-1.511190000,-18.342300000,22.915200000
Wing,GpuId7157,5096,0.423910869,0.566019830,0.509568962,7.257333279,-2.611362696,2.494595528,-1.511190000,-18.342300000,22.915200000
Wing,GpuId7157,3229,0.430585251,0.567338154,0.508666760,7.390919209,-3.154958010,2.141494513,-1.714540000,-19.338400000,22.567300000
Wing,GpuId7157,5093,0.430585251,0.567338154,0.508666760,7.390919209,-3.154958010,2.141494513,-1.714540000,-19.338400000,22.567300000
Wing,GpuId7157,3200,0.427653588,0.563488432,0.508081979,6.806308746,-3.100275993,1.843483210,-2.261060000,-19.215600000,22.858300000
Wing,GpuId7157,5760,0.425372269,0.562132667,0.506834279,6.856540203,-3.060773611,1.819016695,-2.257730000,-19.151500000,22.810600000
Wing,GpuId7157,3435,0.449130097,0.583190193,0.505144558,9.409799576,-6.447023392,0.722337246,-1.760270000,-25.313500000,20.316700000
Wing,GpuId7157,5567,0.447177729,0.582164736,0.504551917,9.372831345,-6.511924744,0.538786411,-1.931660000,-25.431700000,20.258100000
Wing,GpuId7157,5612,0.427229743,0.563667286,0.504419310,7.476944923,-3.223740101,2.124655247,-1.679360000,-19.471400000,22.490400000
Wing,GpuId7157,5747,0.417033922,0.556727554,0.502076669,6.902945995,-2.837933779,1.925629854,-2.150830000,-18.757800000,22.853800000
Wing,GpuId7157,3223,0.424200477,0.560154828,0.500718665,7.465842247,-3.244358063,2.158370972,-1.657070000,-19.508700000,22.516600000
Wing,GpuId7157,3948,0.424200477,0.560154828,0.500718665,7.465842247,-3.244358063,2.158370972,-1.657070000,-19.508700000,22.516600000
Wing,GpuId7157,3207,0.422428014,0.557125571,0.499463318,7.161757946,-3.276294708,1.914960861,-2.013920000,-19.558700000,22.615300000
Wing,GpuId7157,5570,0.443031036,0.577653403,0.499060286,9.631180763,-6.178320408,1.114815235,-1.327310000,-24.846300000,20.353500000
Wing,GpuId7157,5751,0.420338029,0.555585828,0.497969180,7.191286087,-3.265079737,1.883276224,-2.023850000,-19.543800000,22.577900000
Wing,GpuId7157,4921,0.412560969,0.552670556,0.497720972,6.965154648,-2.724325418,2.129919291,-1.959000000,-18.555300000,22.920800000
Wing,GpuId7157,3614,0.413093581,0.546757815,0.493731216,6.506409645,-3.111223221,1.503890514,-2.699710000,-19.251300000,22.896700000
Wing,GpuId7157,3511,0.435456873,0.570939804,0.491664176,9.527847290,-6.772176743,0.451085567,-1.915790000,-25.910900000,20.110200000
Wing,GpuId7157,3964,0.435456873,0.570939804,0.491664176,9.527847290,-6.772176743,0.451085567,-1.915790000,-25.910900000,20.110200000
Wing,GpuId7157,3510,0.435135909,0.568773361,0.490912654,9.300425529,-6.580313683,0.550590515,-1.954590000,-25.559900000,20.316900000
Wing,GpuId7157,5630,0.408278561,0.542959395,0.489931428,6.572491646,-3.085443974,1.465927362,-2.696530000,-19.215600000,22.829500000
Wing,GpuId7157,2656,0.370024629,0.506238098,0.483461382,-6.880744457,-2.765269041,2.607697487,-9.454650000,-17.272400000,34.660300000
Wing,GpuId7157,251,0.380280535,0.515378680,0.483104120,-9.127785683,-5.957744598,1.458609819,-11.651200000,-22.642200000,36.025500000
Wing,GpuId7157,4930,0.398565259,0.537520717,0.483080370,6.820941925,-2.776731491,2.030825615,-2.116120000,-18.657300000,22.975000000
Wing,GpuId7157,2294,0.379855950,0.515227824,0.482896057,-9.155204773,-6.075556278,1.337487936,-11.760900000,-22.851100000,35.985100000
Wing,GpuId7157,1109,0.385904840,0.517264002,0.482854358,-8.930746078,-5.849716187,1.781407118,-11.306700000,-22.457400000,36.070000000
Wing,GpuId7157,41,0.368694263,0.504095117,0.480631259,-6.845795155,-2.814827919,2.634311438,-9.417510000,-17.363000000,34.657900000
Wing,GpuId7157,1226,0.368694263,0.504095117,0.480631259,-6.845795155,-2.814827919,2.634311438,-9.417510000,-17.363000000,34.657900000
Wing,GpuId7157,513,0.368307583,0.502727107,0.478853623,-6.825482845,-2.910314560,2.541385412,-9.484950000,-17.539400000,34.601800000
Wing,GpuId7157,1223,0.368307583,0.502727107,0.478853623,-6.825482845,-2.910314560,2.541385412,-9.484950000,-17.539400000,34.601800000
Wing,GpuId7157,739,0.370448122,0.503120137,0.478825492,-6.789041519,-3.047328711,2.366081238,-9.613230000,-17.794600000,34.492000000
Wing,GpuId7157,2330,0.370448122,0.503120137,0.478825492,-6.789041519,-3.047328711,2.366081238,-9.613230000,-17.794600000,34.492000000
Wing,GpuId7157,5571,0.420841445,0.555757066,0.478424756,9.238911629,-6.678724289,0.303843498,-2.190360000,-25.747700000,20.252500000
Wing,GpuId7157,38,0.368538088,0.502481114,0.478204826,-6.832632065,-2.996513367,2.496073008,-9.526520000,-17.691800000,34.592600000
Wing,GpuId7157,451,0.368538088,0.502481114,0.478204826,-6.832632065,-2.996513367,2.496073008,-9.526520000,-17.691800000,34.592600000
Wing,GpuId7157,1096,0.375703196,0.510121284,0.476769906,-9.100407600,-6.144562721,1.377059937,-11.703300000,-22.979400000,35.976400000
Wing,GpuId7157,2559,0.375703196,0.510121284,0.476769906,-9.100407600,-6.144562721,1.377059937,-11.703300000,-22.979400000,35.976400000
Wing,GpuId7157,256,0.376576997,0.508942312,0.475474400,-8.992951393,-5.790322781,1.735473871,-11.370300000,-22.357900000,36.081800000
Wing,GpuId7157,5107,0.362496953,0.497912379,0.474821323,-6.864986897,-2.834186316,2.539719105,-9.502770000,-17.407100000,34.618000000
Wing,GpuId7157,5564,0.415763820,0.552375398,0.473652997,9.504857063,-6.871596813,0.215359688,-2.121220000,-26.109100000,20.024400000
Wing,GpuId7157,907,0.370387232,0.504583850,0.471476621,-9.077970505,-6.017150402,1.480740547,-11.608200000,-22.760000000,36.009100000
Wing,GpuId7157,1100,0.370387232,0.504583850,0.471476621,-9.077970505,-6.017150402,1.480740547,-11.608200000,-22.760000000,36.009100000
Wing,GpuId7157,5105,0.361214727,0.495173706,0.471337968,-6.870495796,-2.948891878,2.489934206,-9.552800000,-17.613300000,34.611300000
Wing,GpuId7157,5377,0.393423024,0.525049027,0.466497479,7.259602070,-3.518166542,1.795215368,-2.053520000,-20.033500000,22.473700000
Wing,GpuId7157,267,0.369072038,0.499867457,0.466089809,-9.015953064,-5.573414803,2.054959774,-11.135300000,-21.970300000,36.274800000
Wing,GpuId7157,5112,0.353730935,0.487977520,0.464353110,-7.015500069,-3.023930073,2.429912329,-9.680270000,-17.739400000,34.693700000
Wing,GpuId7157,5103,0.352050326,0.486978579,0.463550537,-7.012119770,-2.941053867,2.529300451,-9.595320000,-17.589500000,34.737600000
Wing,GpuId7157,568,0.353049303,0.486999242,0.463068442,-7.003974438,-3.029950619,2.471340656,-9.642030000,-17.749500000,34.710500000
Wing,GpuId7157,605,0.353049303,0.486999242,0.463068442,-7.003974438,-3.029950619,2.471340656,-9.642030000,-17.749500000,34.710500000
Wing,GpuId7157,5864,0.403260137,0.538373678,0.462693351,9.194851875,-6.191100597,0.662023544,-1.928900000,-24.891300000,20.469800000
Wing,GpuId7157,5750,0.387877764,0.521518360,0.461645286,7.507589340,-3.472615719,1.948362112,-1.798610000,-19.964800000,22.373600000
Wing,GpuId7157,37,0.349271455,0.484931784,0.461571948,-6.842762947,-2.711170912,2.767427206,-9.302650000,-17.193000000,34.723000000
Wing,GpuId7157,2332,0.349271455,0.484931784,0.461571948,-6.842762947,-2.711170912,2.767427206,-9.302650000,-17.193000000,34.723000000
Wing,GpuId7157,254,0.359315348,0.493722039,0.461552897,-8.956272125,-5.890189648,1.409235954,-11.592600000,-22.567600000,35.856800000
Wing,GpuId7157,3484,0.404705132,0.540378900,0.461074310,9.458885193,-6.929936409,0.270467758,-2.096450000,-26.216700000,20.087500000
Wing,GpuId7157,3747,0.404705132,0.540378900,0.461074310,9.458885193,-6.929936409,0.270467758,-2.096450000,-26.216700000,20.087500000
Wing,GpuId7157,825,0.364440662,0.493840903,0.459242181,-8.962099075,-5.623460293,2.085464001,-11.085200000,-22.068100000,36.260400000
Wing,GpuId7157,1150,0.347600523,0.482214059,0.458540567,-7.000591755,-2.940794230,2.566684961,-9.559700000,-17.592700000,34.750900000
Wing,GpuId7157,2206,0.347600523,0.482214059,0.458540567,-7.000591755,-2.940794230,2.566684961,-9.559700000,-17.592700000,34.750900000
Wing,GpuId7157,2292,0.354723932,0.490447080,0.458456626,-9.100490570,-6.134654999,1.186537266,-11.841000000,-22.992300000,35.854900000
Wing,GpuId7157,5122,0.340547214,0.477185591,0.454627472,-6.869529247,-2.646177530,2.744075537,-9.328970000,-17.085700000,34.718800000
Wing,GpuId7157,5111,0.343563090,0.477371635,0.453898367,-7.098368645,-3.055800915,2.387621164,-9.762040000,-17.800300000,34.735600000
Wing,GpuId7157,5752,0.378296847,0.513936971,0.453216638,7.769965172,-3.349836111,2.121147394,-1.528840000,-19.765700000,22.273400000
Wing,GpuId7157,4878,0.378890893,0.513803942,0.452802184,7.751866341,-3.389154673,2.157907248,-1.506700000,-19.832000000,22.305100000
Wing,GpuId7157,5130,0.378890893,0.513803942,0.452802184,7.751866341,-3.389154673,2.157907248,-1.506700000,-19.832000000,22.305100000
Wing,GpuId7157,375,0.351105988,0.485822062,0.452770437,-9.048326492,-6.206506252,1.228309631,-11.783500000,-23.124600000,35.849800000
Wing,GpuId7157,436,0.351105988,0.485822062,0.452770437,-9.048326492,-6.206506252,1.228309631,-11.783500000,-23.124600000,35.849800000
Wing,GpuId7157,5613,0.376723084,0.512802512,0.452148144,7.770047665,-3.294405699,2.180458069,-1.482510000,-19.665400000,22.308200000
Wing,GpuId7157,44,0.339353707,0.472840601,0.449914431,-6.650769711,-2.821591377,2.342952490,-9.540900000,-17.447100000,34.342700000
Wing,GpuId7157,4879,0.375649144,0.509029149,0.449115470,7.517352104,-3.460611820,1.977427006,-1.771840000,-19.954900000,22.385400000
Wing,GpuId7157,5108,0.336611663,0.471096200,0.448999404,-6.711584568,-2.766144037,2.306164265,-9.600320000,-17.348000000,34.358300000
Wing,GpuId7157,3934,0.373818771,0.509562884,0.448795971,7.766579628,-3.296983957,2.215547562,-1.456690000,-19.671100000,22.329800000
Wing,GpuId7157,5275,0.373818771,0.509562884,0.448795971,7.766579628,-3.296983957,2.215547562,-1.456690000,-19.671100000,22.329800000
Wing,GpuId7157,569,0.338116744,0.470868386,0.446711280,-7.056023121,-3.092699289,2.426709414,-9.710040000,-17.873400000,34.732800000
Wing,GpuId7157,606,0.338116744,0.470868386,0.446711280,-7.056023121,-3.092699289,2.426709414,-9.710040000,-17.873400000,34.732800000
Wing,GpuId7157,4962,0.389877466,0.523775284,0.446067329,9.200653076,-6.734461784,0.335887432,-2.178260000,-25.871300000,20.306500000
Wing,GpuId7157,2771,0.387964870,0.521602787,0.445698428,9.128351212,-6.261077881,0.662700176,-1.958130000,-25.026500000,20.519300000
Wing,GpuId7157,1103,0.344601735,0.478241491,0.445291743,-8.907372475,-5.940119743,1.450054169,-11.532300000,-22.671800000,35.849500000
Wing,GpuId7157,1108,0.342173696,0.475080099,0.441922670,-8.848318100,-6.067771912,1.250279188,-11.661000000,-22.916100000,35.700900000
Wing,GpuId7157,5860,0.383735456,0.518133899,0.441776244,9.381507874,-5.969309807,1.046210289,-1.515940000,-24.520800000,20.524200000
Wing,GpuId7157,3092,0.384916807,0.517983945,0.441310799,9.317626953,-6.027497292,1.094628811,-1.507540000,-24.616700000,20.594000000
Wing,GpuId7157,5109,0.331067414,0.464117484,0.440810759,-6.873408318,-2.963968277,2.331941128,-9.676880000,-17.681200000,34.523900000
Wing,GpuId7157,5110,0.327117814,0.458920173,0.434963176,-7.049235344,-3.138215065,2.286231518,-9.818820000,-17.975300000,34.653500000
Wing,GpuId7157,5121,0.320526057,0.453713954,0.431793982,-6.633130074,-2.801032066,2.140632629,-9.689970000,-17.446100000,34.206300000
Wing,GpuId7157,5871,0.372115125,0.506960630,0.431689336,9.010111809,-6.405802727,0.358380318,-2.270040000,-25.295100000,20.469400000
Wing,GpuId7157,4047,0.311810633,0.448210603,0.427171784,-6.556942463,-2.570029020,2.351333380,-9.459750000,-17.040300000,34.234500000
Wing,GpuId7157,4785,0.316916986,0.445752685,0.422500628,-6.621523380,-3.061636209,1.951958895,-9.849670000,-17.925100000,34.125700000
Wing,GpuId7157,45,0.314490970,0.445821399,0.422498891,-6.536933899,-2.905345440,2.203563929,-9.588050000,-17.641700000,34.186000000
Wing,GpuId7157,734,0.315400685,0.446689801,0.422496125,-7.035496712,-3.135294437,2.326624632,-9.777840000,-17.981200000,34.665300000
Wing,GpuId7157,2634,0.315400685,0.446689801,0.422496125,-7.035496712,-3.135294437,2.326624632,-9.777840000,-17.981200000,34.665300000
Wing,GpuId7157,253,0.320185156,0.454286059,0.422320419,-8.911334038,-5.991328716,1.202579021,-11.721900000,-22.799200000,35.709200000
Wing,GpuId7157,3548,0.364561196,0.497738702,0.422252009,8.935898781,-6.470544338,0.372193813,-2.292690000,-25.413000000,20.528600000
Wing,GpuId7157,4318,0.321266178,0.452390544,0.420036569,-8.882461548,-5.428903580,1.919075727,-11.151300000,-21.787200000,36.070000000
Wing,GpuId7157,4589,0.303536062,0.438440095,0.417758915,-6.455884933,-2.632774830,2.075777292,-9.627650000,-17.189200000,34.006100000
Wing,GpuId7157,2198,0.308103958,0.439661559,0.417251427,-6.324028969,-2.744845390,2.131312132,-9.523360000,-17.395700000,33.957700000
Wing,GpuId7157,5861,0.353922939,0.489132709,0.415380071,8.963269234,-6.024708271,0.592383385,-2.109520000,-24.631000000,20.626700000
Wing,GpuId7157,4779,0.313712772,0.440144170,0.414367295,-7.366194248,-3.473604202,2.246724129,-10.050100000,-18.553200000,34.919700000
Wing,GpuId7157,737,0.307564011,0.433844499,0.409979123,-6.579321861,-3.098443031,1.968508959,-9.817700000,-18.006900000,34.111800000
Wing,GpuId7157,4782,0.294785069,0.428138015,0.407924573,-6.369995594,-2.663666964,1.840450764,-9.772490000,-17.279400000,33.807300000
Wing,GpuId7157,2596,0.311851030,0.441113835,0.407781168,-8.824170113,-5.489286900,1.951642990,-11.096600000,-21.908400000,36.055000000
Wing,GpuId7157,5283,0.305113558,0.437619124,0.405750229,-8.782013893,-5.577822208,1.624568462,-11.317200000,-22.086500000,35.823000000
Wing,GpuId7157,5870,0.345645539,0.479923291,0.405522901,9.125617981,-5.814279556,0.967472553,-1.717830000,-24.268700000,20.690600000
Wing,GpuId7157,2741,0.345235329,0.478251345,0.403472949,9.070816994,-5.866766930,1.029293060,-1.694280000,-24.355400000,20.762900000
Wing,GpuId7157,424,0.302141390,0.433124229,0.400247085,-8.719959259,-5.638315201,1.663536787,-11.256500000,-22.200800000,35.808100000
Wing,GpuId7157,2827,0.339609706,0.473326426,0.399076978,8.901395798,-6.093614578,0.651919842,-2.089710000,-24.759300000,20.707100000
Wing,GpuId7157,735,0.299381675,0.424475337,0.398252339,-7.358225346,-3.488341331,2.299422979,-10.002800000,-18.592300000,34.946000000
Wing,GpuId7157,2635,0.299381675,0.424475337,0.398252339,-7.358225346,-3.488341331,2.299422979,-10.002800000,-18.592300000,34.946000000
Wing,GpuId7157,5333,0.294502732,0.428192152,0.397142440,-8.696403503,-5.734218597,1.248920441,-11.559200000,-22.398400000,35.541600000
Wing,GpuId7157,450,0.296264707,0.428724262,0.396701912,-8.641559601,-5.796394825,1.285221577,-11.505400000,-22.509800000,35.530200000
Wing,GpuId7157,607,0.296555854,0.421656981,0.396642366,-6.894675732,-3.331182957,2.026963711,-9.950090000,-18.387200000,34.416200000
Wing,GpuId7157,5104,0.292328157,0.419170310,0.393654879,-7.369658470,-3.373149633,2.357447863,-9.955910000,-18.390300000,34.970800000
Wing,GpuId7157,5851,0.329465225,0.463908787,0.390426629,8.757844925,-6.243527412,0.326745510,-2.430330000,-25.033100000,20.657900000
Wing,GpuId7157,4777,0.288150974,0.414371736,0.389832247,-6.931549549,-3.292737246,2.016206264,-9.973570000,-18.322800000,34.430900000
Wing,GpuId7157,650,0.289454990,0.415391675,0.389454941,-7.356135845,-3.401058674,2.383061409,-9.929290000,-18.442900000,34.980100000
Wing,GpuId7157,738,0.289454990,0.415391675,0.389454941,-7.356135845,-3.401058674,2.383061409,-9.929290000,-18.442900000,34.980100000
Wing,GpuId7157,5099,0.279978866,0.410756729,0.386346969,-7.102398872,-3.165954113,2.360544443,-9.777800000,-18.059800000,34.741200000
Wing,GpuId7157,3473,0.323248216,0.457610403,0.384732910,8.924801826,-5.695779800,0.902057171,-1.880100000,-24.069000000,20.817900000
Wing,GpuId7157,3308,0.323311203,0.456510566,0.383244430,8.875715256,-5.743972778,0.966042519,-1.852480000,-24.147600000,20.887800000
Wing,GpuId7157,4509,0.270202145,0.401907984,0.382041708,-6.266572475,-2.658290625,1.683766603,-9.838810000,-17.318300000,33.635400000
Wing,GpuId7157,3581,0.321904697,0.454574348,0.380698440,8.695247650,-6.310042381,0.380264759,-2.415830000,-25.152100000,20.732400000
Wing,GpuId7157,4367,0.281173328,0.411584727,0.380380910,-8.662089348,-5.288560390,1.753076077,-11.149400000,-21.617200000,35.783200000
Body_02,GpuId7153,1284,0.527374831,0.382981761,0.375966273,-0.822923422,1.673098087,-0.899751782,-8.793730000,-11.315900000,27.372800000
Wing,GpuId7157,3474,0.312539688,0.447757919,0.375520646,8.772725105,-5.903633118,0.529658794,-2.262300000,-24.445600000,20.753400000
Wing,GpuId7157,4784,0.277555405,0.401215807,0.375353277,-7.191191196,-3.526908875,2.062964201,-10.088300000,-18.714700000,34.685900000
Wing,GpuId7157,5362,0.270934991,0.402652577,0.371670900,-8.551179886,-5.443688869,1.492471457,-11.285400000,-21.920700000,35.549300000
Wing,GpuId7157,466,0.275205547,0.403130690,0.370673988,-8.584025383,-5.358375072,1.803841114,-11.071100000,-21.753200000,35.765400000
Body_02,GpuId7153,766,0.519572268,0.375464120,0.369594786,-0.719131947,1.449443340,-1.014140844,-8.836390000,-11.711500000,27.232200000
Body_02,GpuId7153,774,0.519372583,0.375285742,0.369419817,-0.748082876,1.434380293,-1.017088056,-8.855720000,-11.734600000,27.254900000
Body_02,GpuId7153,772,0.519174497,0.375063873,0.369169510,-0.714289665,1.449612021,-1.022779703,-8.840400000,-11.711900000,27.223300000
Body_02,GpuId7153,767,0.518997100,0.374877449,0.368900780,-0.725730658,1.461552620,-1.018290281,-8.842900000,-11.689700000,27.234500000
Wing,GpuId7157,5269,0.266877915,0.391181637,0.368793576,-6.393435001,-3.083385706,1.562749863,-10.025100000,-18.069000000,33.726500000
Body_02,GpuId7153,763,0.518855619,0.374728924,0.368740537,-0.704445839,1.469632745,-1.022639632,-8.834270000,-11.678000000,27.214300000
Body_02,GpuId7153,768,0.518719935,0.374603644,0.368653868,-0.716478109,1.455447197,-1.026016712,-8.843950000,-11.701400000,27.222900000
Body_02,GpuId7153,773,0.518719935,0.374603644,0.368653868,-0.716478109,1.455447197,-1.026016712,-8.843950000,-11.701400000,27.222900000
Body_02,GpuId7153,786,0.518621549,0.374517007,0.368515816,-0.751355886,1.452166796,-1.021840096,-8.860690000,-11.703200000,27.253900000
Body_02,GpuId7153,779,0.518179036,0.374118213,0.368194906,-0.786437511,1.419190288,-1.028548717,-8.886980000,-11.756600000,27.280200000
Wing,GpuId7157,2205,0.264249350,0.390418281,0.367871202,-6.204934120,-2.816541910,1.911223888,-9.634100000,-17.600300000,33.751500000
Body_02,GpuId7153,771,0.517795967,0.373717432,0.367798116,-0.738135099,1.434143782,-1.035902500,-8.865090000,-11.735700000,27.235800000
Body_02,GpuId7153,770,0.517552144,0.373451786,0.367426274,-0.741135836,1.450043082,-1.036291599,-8.866400000,-11.707800000,27.237300000
Body_02,GpuId7153,781,0.517552144,0.373451786,0.367426274,-0.741135836,1.450043082,-1.036291599,-8.866400000,-11.707800000,27.237300000
Body_02,GpuId7153,778,0.517372178,0.373283203,0.367198000,-0.785289764,1.444264054,-1.031314850,-8.887470000,-11.712900000,27.276300000
Body_02,GpuId7153,782,0.516131475,0.372072687,0.366077515,-0.765433073,1.422300816,-1.053729177,-8.894950000,-11.753000000,27.248300000
Body_02,GpuId7153,777,0.516307052,0.372212258,0.366074666,-0.762073040,1.450709343,-1.048685670,-8.888010000,-11.704200000,27.247100000
Body_02,GpuId7153,785,0.516307052,0.372212258,0.366074666,-0.762073040,1.450709343,-1.048685670,-8.888010000,-11.704200000,27.247100000
Wing,GpuId7157,4365,0.262897626,0.396061706,0.365972559,-8.478613853,-5.590726376,1.126691341,-11.527200000,-22.211600000,35.283200000
Head,GpuId7158,4269,0.530937546,0.386779854,0.365755486,-2.421849251,1.971656442,-2.681056976,-11.055000000,-10.772500000,27.645300000
Wing,GpuId7157,3137,0.304521458,0.438398033,0.365534539,8.716612816,-5.966649055,0.618138790,-2.217150000,-24.555500000,20.845100000
Body,GpuId7155,1685,0.515854766,0.371774207,0.365529264,-0.820611954,1.445082068,-1.046156645,-8.919280000,-11.707500000,27.296500000
Body_02,GpuId7153,780,0.515816115,0.371736780,0.365491549,-0.820674658,1.445055723,-1.046159029,-8.919320000,-11.707500000,27.296500000
Head,GpuId7158,4261,0.530716747,0.386549608,0.365400055,-2.425233603,1.978459001,-2.697350979,-11.070100000,-10.761300000,27.638700000
Head,GpuId7158,4271,0.530421831,0.386269513,0.365336079,-2.417770147,1.951650620,-2.691483974,-11.061000000,-10.807700000,27.636700000
Head,GpuId7158,4959,0.530421831,0.386269513,0.365336079,-2.417770147,1.951650620,-2.691483974,-11.061000000,-10.807700000,27.636700000
Head,GpuId7158,4407,0.530490476,0.386330328,0.365259807,-2.423704624,1.960053325,-2.706698895,-11.076600000,-10.793700000,27.632700000
