submesh,gpu_id,vertex_id,stage1_direct_error,stage1_affine_error,u76_affine_error,local_x,local_y,local_z,stage1_world_x,stage1_world_y,stage1_world_z,stage1_affine_x,stage1_affine_y,stage1_affine_z,u76_affine_x,u76_affine_y,u76_affine_z,pix_world_x,pix_world_y,pix_world_z,codes,weights
Wing,GpuId7157,920,38.795068603,1.115463891,3.073952918,-5.430328506,1.667776789,3.574498241,-11.384022627,-4.400704804,3.889083424,-10.351692532,-20.242302645,38.598373652,-10.558800387,-18.340936492,38.127285756,-10.054200000,-21.301200000,38.784100000,60 61 63 62 0 0,215 32 5 4 0 0
Wing,GpuId7157,961,38.810077962,1.114865827,3.095822301,-5.444932051,1.616300787,3.614739895,-11.413659499,-4.494355485,3.979283934,-10.293342050,-20.400253080,38.679244649,-10.540963091,-18.474767001,38.240369346,-9.988970000,-21.458000000,38.856600000,60 61 63 62 0 0,216 32 5 3 0 0
Wing,GpuId7157,133,38.819426528,1.113255784,3.085810001,-5.450286685,1.660086777,3.574303837,-11.392923158,-4.441079359,3.878408444,-10.364030725,-20.315820418,38.602660397,-10.583651781,-18.399868732,38.139926351,-10.065200000,-21.372500000,38.785600000,60 61 63 62 0 0,215 32 5 4 0 0
Wing,GpuId7157,2509,38.773756562,1.112288251,3.038410493,-5.420106024,1.650278087,3.574498241,-11.364858577,-4.413143741,3.912052938,-10.322991981,-20.264485555,38.597679573,-10.535694557,-18.394011696,38.141362611,-10.023500000,-21.320100000,38.779800000,60 61 63 62 0 0,215 32 5 3 0 0
Wing,GpuId7157,764,38.767515436,1.110761138,3.020863819,-5.415724960,1.716532515,3.518121045,-11.327464549,-4.310944111,3.781050887,-10.409985724,-20.095931090,38.487429073,-10.575272340,-18.244876542,37.990955194,-10.119700000,-21.150800000,38.679200000,60 61 62 63 0 0,214 32 5 5 0 0
Wing,GpuId7157,666,38.813271128,1.109457010,3.057845097,-5.450286685,1.643608178,3.571776583,-11.379450364,-4.467853088,3.886922058,-10.349554558,-20.364934456,38.599466348,-10.578189430,-18.471761767,38.152665293,-10.048500000,-21.417700000,38.778200000,60 61 63 62 0 0,215 32 5 3 0 0
Wing,GpuId7157,134,38.772328996,1.108518872,3.028319121,-5.426921012,1.637435243,3.573331816,-11.356167872,-4.440099390,3.918910102,-10.312355535,-20.313618055,38.597213221,-10.534444797,-18.448646048,38.151966667,-10.011700000,-21.365500000,38.776000000,60 61 63 62 0 0,215 32 5 3 0 0
Wing,GpuId7157,2655,38.772328996,1.108518872,3.028319121,-5.426921012,1.637435243,3.573331816,-11.356167872,-4.440099390,3.918910102,-10.312355535,-20.313618055,38.597213221,-10.534444797,-18.448646048,38.151966667,-10.011700000,-21.365500000,38.776000000,60 61 63 62 0 0,215 32 5 3 0 0
Wing,GpuId7157,667,38.790925715,1.108497136,3.040765835,-5.438603848,1.638219938,3.572748604,-11.365841454,-4.456937119,3.905856061,-10.327507878,-20.344552744,38.598737534,-10.554099139,-18.467183639,38.154434728,-10.026500000,-21.396400000,38.777000000,60 61 63 62 0 0,215 32 5 3 0 0
Wing,GpuId7157,918,38.812261145,1.108145584,3.052326546,-5.451260255,1.696967449,3.527646847,-11.352551251,-4.390226499,3.781745910,-10.420949801,-20.237332549,38.513705508,-10.613268514,-18.350720686,38.033739844,-10.127500000,-21.289500000,38.700300000,60 61 63 62 0 0,214 32 5 5 0 0
Wing,GpuId7157,756,38.753815319,1.105940949,2.996939389,-5.415724960,1.707639303,3.509761668,-11.305778232,-4.322421152,3.780872650,-10.398442027,-20.118971000,38.471829735,-10.567312485,-18.285929906,37.984531241,-10.107900000,-21.169200000,38.660800000,60 61 62 63 0 0,213 32 5 5 0 0
Wing,GpuId7157,3172,38.753815319,1.105940949,2.996939389,-5.415724960,1.707639303,3.509761668,-11.305778232,-4.322421152,3.780872650,-10.398442027,-20.118971000,38.471829735,-10.567312485,-18.285929906,37.984531241,-10.107900000,-21.169200000,38.660800000,60 61 62 63 0 0,213 32 5 5 0 0
Wing,GpuId7157,755,38.720735623,1.105750895,2.972189819,-5.395766781,1.678422487,3.530562909,-11.298538134,-4.334770218,3.853705086,-10.336253710,-20.134729722,38.507991903,-10.515762736,-18.324497945,38.037409945,-10.042500000,-21.184500000,38.693400000,60 61 63 62 0 0,214 32 5 4 0 0
Wing,GpuId7157,1,38.793039384,1.103356573,3.018356469,-5.445905621,1.698170648,3.510150476,-11.322450336,-4.380674987,3.763159288,-10.420107831,-20.224895172,38.479638135,-10.606886818,-18.366874422,38.003108832,-10.127600000,-21.272500000,38.665000000,60 61 62 63 0 0,213 32 5 5 0 0
Wing,GpuId7157,3255,38.793039384,1.103356573,3.018356469,-5.445905621,1.698170648,3.510150476,-11.322450336,-4.380674987,3.763159288,-10.420107831,-20.224895172,38.479638135,-10.606886818,-18.366874422,38.003108832,-10.127600000,-21.272500000,38.665000000,60 61 62 63 0 0,213 32 5 5 0 0
Wing,GpuId7157,3,38.803043820,1.100334456,3.013865785,-5.458075243,1.664350287,3.526091614,-11.330234488,-4.448080931,3.803788908,-10.390344393,-20.342408725,38.514003086,-10.603086127,-18.483776049,38.062968642,-10.093200000,-21.386700000,38.692600000,60 61 63 62 0 0,214 32 5 4 0 0
Wing,GpuId7157,688,38.700240691,1.098849528,2.942248415,-5.397227135,1.678657895,3.510928093,-11.263699168,-4.331591491,3.833865842,-10.333774382,-20.134469396,38.470172086,-10.509493109,-18.346795641,38.002928759,-10.041800000,-21.177800000,38.653700000,60 61 62 63 0 0,214 32 5 5 0 0
Wing,GpuId7157,3454,38.700240691,1.098849528,2.942248415,-5.397227135,1.678657895,3.510928093,-11.263699168,-4.331591491,3.833865842,-10.333774382,-20.134469396,38.470172086,-10.509493109,-18.346795641,38.002928759,-10.041800000,-21.177800000,38.653700000,60 61 62 63 0 0,214 32 5 5 0 0
Wing,GpuId7157,668,38.713637014,1.098430460,2.951664569,-5.406962832,1.649911896,3.531534930,-11.281361897,-4.388557162,3.877362145,-10.307159791,-20.231738557,38.512747624,-10.506423995,-18.432654032,38.065238425,-10.010900000,-21.274300000,38.691200000,60 61 63 62 0 0,214 32 5 4 0 0
Wing,GpuId7157,919,38.713637014,1.098430460,2.951664569,-5.406962832,1.649911896,3.531534930,-11.281361897,-4.388557162,3.877362145,-10.307159791,-20.231738557,38.512747624,-10.506423995,-18.432654032,38.065238425,-10.010900000,-21.274300000,38.691200000,60 61 63 62 0 0,214 32 5 4 0 0
Wing,GpuId7157,3891,27.788376806,1.096105850,2.568265062,5.430328506,1.667776789,3.574498241,12.270341534,-4.003671917,3.003243181,1.408973915,-21.986245339,20.087370533,1.007497512,-20.548881366,20.315880881,1.709750000,-23.019200000,20.297100000,79 76 77 0 0 0,218 32 5 0 0 0
Wing,GpuId7157,2517,38.749366221,1.095687750,2.968088023,-5.434709569,1.643372770,3.528424464,-11.293509514,-4.439382683,3.854005342,-10.331101866,-20.325198987,38.513331355,-10.545110277,-18.506455347,38.075067952,-10.033400000,-21.365000000,38.688600000,60 61 63 62 0 0,214 32 5 4 0 0
Wing,GpuId7157,111,38.775344485,1.095630675,2.985485889,-5.450773470,1.670183188,3.508789647,-11.297189912,-4.424270333,3.789062486,-10.385178399,-20.303977861,38.478623853,-10.587867087,-18.468970384,38.024878714,-10.090500000,-21.344000000,38.657300000,60 61 62 63 0 0,214 32 5 5 0 0
Wing,GpuId7157,917,38.775344485,1.095630675,2.985485889,-5.450773470,1.670183188,3.508789647,-11.297189912,-4.424270333,3.789062486,-10.385178399,-20.303977861,38.478623853,-10.587867087,-18.468970384,38.024878714,-10.090500000,-21.344000000,38.657300000,60 61 62 63 0 0,214 32 5 5 0 0
Wing,GpuId7157,989,38.775344485,1.095630675,2.985485889,-5.450773470,1.670183188,3.508789647,-11.297189912,-4.424270333,3.789062486,-10.385178399,-20.303977861,38.478623853,-10.587867087,-18.468970384,38.024878714,-10.090500000,-21.344000000,38.657300000,60 61 62 63 0 0,214 32 5 5 0 0
Wing,GpuId7157,5069,27.758731327,1.095488093,2.609978885,5.444932051,1.616300787,3.614739895,12.312488372,-4.071974334,3.110109240,1.517932510,-22.103673975,20.120780258,1.115879236,-20.620637205,20.294937677,1.813600000,-23.135200000,20.341300000,79 76 77 0 0 0,218 32 6 0 0 0
Wing,GpuId7157,0,38.699084579,1.094880607,2.931783109,-5.404528908,1.665291921,3.509761668,-11.254917641,-4.359965721,3.840869356,-10.322942633,-20.186172548,38.469840254,-10.508511009,-18.403899312,38.014138103,-10.029800000,-21.225600000,38.649900000,60 61 62 63 0 0,214 32 5 5 0 0
Wing,GpuId7157,184,38.699084579,1.094880607,2.931783109,-5.404528908,1.665291921,3.509761668,-11.254917641,-4.359965721,3.840869356,-10.322942633,-20.186172548,38.469840254,-10.508511009,-18.403899312,38.014138103,-10.029800000,-21.225600000,38.649900000,60 61 62 63 0 0,214 32 5 5 0 0
Wing,GpuId7157,665,38.699084579,1.094880607,2.931783109,-5.404528908,1.665291921,3.509761668,-11.254917641,-4.359965721,3.840869356,-10.322942633,-20.186172548,38.469840254,-10.508511009,-18.403899312,38.014138103,-10.029800000,-21.225600000,38.649900000,60 61 62 63 0 0,214 32 5 5 0 0
Wing,GpuId7157,940,38.699084579,1.094880607,2.931783109,-5.404528908,1.665291921,3.509761668,-11.254917641,-4.359965721,3.840869356,-10.322942633,-20.186172548,38.469840254,-10.508511009,-18.403899312,38.014138103,-10.029800000,-21.225600000,38.649900000,60 61 62 63 0 0,214 32 5 5 0 0
Wing,GpuId7157,5074,27.816311984,1.093085435,2.575541065,5.450286685,1.660086777,3.574303837,12.277672769,-4.045276367,2.996827971,1.408621632,-22.063194012,20.081797836,1.008738495,-20.614010215,20.291897315,1.707320000,-23.093000000,20.294200000,79 76 77 0 0 0,218 32 5 0 0 0
Wing,GpuId7157,3159,38.692599395,1.092787053,2.894762684,-5.395279996,1.759795375,3.424418257,-11.197896378,-4.214842346,3.643895447,-10.453141597,-19.948331262,38.304197833,-10.570216588,-18.206882594,37.794247481,-10.172400000,-20.986600000,38.497500000,60 61 62 63 0 0,212 32 7 5 0 0
Wing,GpuId7157,2692,27.770418431,1.092493565,2.523590867,5.420106024,1.650278087,3.574498241,12.252355880,-4.005302411,3.038817072,1.427902511,-21.983788091,20.121016827,1.034494452,-20.586232433,20.344576384,1.726020000,-23.013200000,20.333100000,79 76 77 0 0 0,218 31 5 0 0 0
Wing,GpuId7157,244,38.729686404,1.092401434,2.946582223,-5.428868151,1.657601909,3.508595243,-11.266067206,-4.407037294,3.824730065,-10.340681558,-20.272182394,38.473366254,-10.540463006,-18.472000796,38.026824868,-10.046000000,-21.309100000,38.650300000,60 61 62 63 0 0,214 32 5 5 0 0
Wing,GpuId7157,2516,38.729686404,1.092401434,2.946582223,-5.428868151,1.657601909,3.508595243,-11.266067206,-4.407037294,3.824730065,-10.340681558,-20.272182394,38.473366254,-10.540463006,-18.472000796,38.026824868,-10.046000000,-21.309100000,38.650300000,60 61 62 63 0 0,214 32 5 5 0 0
Wing,GpuId7157,3971,27.827283332,1.090285565,2.509322441,5.415724960,1.716532515,3.518121045,12.194478396,-3.936479855,2.889973502,1.277147886,-21.868098253,20.076118716,0.878190843,-20.488535763,20.352016358,1.580610000,-22.896300000,20.274700000,79 76 77 0 0 0,219 31 5 0 0 0
Wing,GpuId7157,5071,27.779373422,1.088486235,2.518038601,5.426921012,1.637435243,3.573331816,12.245729690,-4.031419487,3.051692245,1.435243242,-22.029248521,20.135477973,1.044053656,-20.631990758,20.342134775,1.730650000,-23.054600000,20.350400000,79 76 77 0 0 0,218 32 5 0 0 0
Wing,GpuId7157,5073,27.779373422,1.088486235,2.518038601,5.426921012,1.637435243,3.573331816,12.245729690,-4.031419487,3.051692245,1.435243242,-22.029248521,20.135477973,1.044053656,-20.631990758,20.342134775,1.730650000,-23.054600000,20.350400000,79 76 77 0 0 0,218 32 5 0 0 0
Wing,GpuId7157,5070,27.815799974,1.088144060,2.546439784,5.450286685,1.643608178,3.571776583,12.262151171,-4.063785876,3.019749492,1.419120924,-22.092924352,20.107968404,1.025248566,-20.666517476,20.304953660,1.714620000,-23.117800000,20.323300000,79 76 77 0 0 0,218 32 5 0 0 0
Wing,GpuId7157,3892,27.797044579,1.087823460,2.529219291,5.438603848,1.638219938,3.572748604,12.252739231,-4.050082554,3.039420256,1.429553344,-22.065094034,20.124912051,1.037714071,-20.655594814,20.324930432,1.724620000,-23.089700000,20.340500000,79 76 77 0 0 0,218 32 5 0 0 0
Wing,GpuId7157,3968,27.866830983,1.086532865,2.542370042,5.451260255,1.696967449,3.527646847,12.220637392,-4.015557594,2.897091612,1.298331805,-22.013621181,20.066999418,0.899083869,-20.593519814,20.303059125,1.598120000,-23.037700000,20.271800000,79 76 77 0 0 0,218 32 5 0 0 0
Wing,GpuId7157,3844,27.780330235,1.086153951,2.457188871,5.395766781,1.678422487,3.530562909,12.178078260,-3.942608346,2.977622185,1.338553159,-21.868681026,20.137978427,0.949473738,-20.534411519,20.396886435,1.637430000,-22.892700000,20.342400000,79 76 77 0 0 0,219 31 5 0 0 0
Wing,GpuId7157,2695,27.833636568,1.085267508,2.489142274,5.415724960,1.707639303,3.509761668,12.173475677,-3.948325020,2.896400346,1.271453495,-21.886849694,20.096687335,0.875684673,-20.521434443,20.362690285,1.572310000,-22.910200000,20.296800000,79 76 77 0 0 0,219 32 5 0 0 0
Wing,GpuId7157,6642,27.833636568,1.085267508,2.489142274,5.415724960,1.707639303,3.509761668,12.173475677,-3.948325020,2.896400346,1.271453495,-21.886849694,20.096687335,0.875684673,-20.521434443,20.362690285,1.572310000,-22.910200000,20.296800000,79 76 77 0 0 0,219 32 5 0 0 0
Wing,GpuId7157,3171,38.764155852,1.084209750,2.947905302,-5.458075243,1.731964853,3.422863024,-11.219792945,-4.347610651,3.614908989,-10.484946323,-20.190207212,38.316100323,-10.648377421,-18.383393092,37.834396657,-10.199700000,-21.220000000,38.499600000,60 61 62 63 0 0,209 34 7 5 0 0
Wing,GpuId7157,3845,27.875359777,1.081271147,2.505842673,5.445905621,1.698170648,3.510150476,12.187097624,-4.008720608,2.884175697,1.270190523,-21.999148015,20.084709124,0.875534454,-20.610400432,20.324095549,1.568360000,-23.018300000,20.288600000,79 76 77 0 0 0,218 32 5 0 0 0
Wing,GpuId7157,6639,27.875359777,1.081271147,2.505842673,5.445905621,1.698170648,3.510150476,12.187097624,-4.008720608,2.884175697,1.270190523,-21.999148015,20.084709124,0.875534454,-20.610400432,20.324095549,1.568360000,-23.018300000,20.288600000,79 76 77 0 0 0,218 32 5 0 0 0
Wing,GpuId7157,5077,27.800610211,1.079570380,2.421621248,5.397227135,1.678657895,3.510928093,12.144488903,-3.948573675,2.958106054,1.305396911,-21.878124434,20.153146966,0.921466404,-20.572471386,20.410271425,1.601990000,-22.895900000,20.357200000,79 76 77 0 0 0,219 31 5 0 0 0
Wing,GpuId7157,6643,27.800610211,1.079570380,2.421621248,5.397227135,1.678657895,3.510928093,12.144488903,-3.948573675,2.958106054,1.305396911,-21.878124434,20.153146966,0.921466404,-20.572471386,20.410271425,1.601990000,-22.895900000,20.357200000,79 76 77 0 0 0,219 31 5 0 0 0
Wing,GpuId7157,2693,27.790837039,1.078801915,2.427056402,5.406962832,1.649911896,3.531534930,12.167889586,-3.992205513,3.012041512,1.361709310,-21.954239913,20.169177839,0.981030161,-20.639358625,20.398762687,1.655280000,-22.970800000,20.379500000,79 76 77 0 0 0,219 31 5 0 0 0
Wing,GpuId7157,5078,27.790837039,1.078801915,2.427056402,5.406962832,1.649911896,3.531534930,12.167889586,-3.992205513,3.012041512,1.361709310,-21.954239913,20.169177839,0.981030161,-20.639358625,20.398762687,1.655280000,-22.970800000,20.379500000,79 76 77 0 0 0,219 31 5 0 0 0
Wing,GpuId7157,2696,27.872664460,1.077540243,2.508645664,5.458075243,1.664350287,3.526091614,12.199942675,-4.063334503,2.940024397,1.322699176,-22.093954708,20.110775744,0.931776206,-20.695546037,20.313873419,1.616230000,-23.109000000,20.322000000,79 76 77 0 0 0,217 33 5 0 0 0
Wing,GpuId7157,2691,27.810025773,1.075461559,2.406267677,5.404528908,1.665291921,3.509761668,12.138167383,-3.975549146,2.970915678,1.312864587,-21.925181110,20.167413754,0.933212358,-20.628976577,20.409433414,1.606720000,-22.938800000,20.374400000,79 76 77 0 0 0,219 31 5 0 0 0
Wing,GpuId7157,2860,27.810025773,1.075461559,2.406267677,5.404528908,1.665291921,3.509761668,12.138167383,-3.975549146,2.970915678,1.312864587,-21.925181110,20.167413754,0.933212358,-20.628976577,20.409433414,1.606720000,-22.938800000,20.374400000,79 76 77 0 0 0,219 31 5 0 0 0
Wing,GpuId7157,3954,27.810025773,1.075461559,2.406267677,5.404528908,1.665291921,3.509761668,12.138167383,-3.975549146,2.970915678,1.312864587,-21.925181110,20.167413754,0.933212358,-20.628976577,20.409433414,1.606720000,-22.938800000,20.374400000,79 76 77 0 0 0,219 31 5 0 0 0
Wing,GpuId7157,5076,27.810025773,1.075461559,2.406267677,5.404528908,1.665291921,3.509761668,12.138167383,-3.975549146,2.970915678,1.312864587,-21.925181110,20.167413754,0.933212358,-20.628976577,20.409433414,1.606720000,-22.938800000,20.374400000,79 76 77 0 0 0,219 31 5 0 0 0
Wing,GpuId7157,3503,38.576732532,1.075328691,2.739422291,-5.353416498,1.700132386,3.412948414,-11.093456605,-4.232741650,3.731302381,-10.327940737,-19.982449660,38.275067493,-10.453828021,-18.372555315,37.812882773,-10.043900000,-21.003700000,38.455900000,60 61 62 63 0 0,214 31 6 5 0 0
Wing,GpuId7157,5075,27.832927497,1.074503633,2.448836773,5.434709569,1.643372770,3.528424464,12.175403348,-4.046526476,2.994753326,1.353053988,-22.055406544,20.158498042,0.971708717,-20.712789998,20.362620881,1.644060000,-23.067500000,20.371900000,79 76 77 0 0 0,218 32 5 0 0 0
Wing,GpuId7157,2694,27.878748328,1.073592078,2.468282374,5.450773470,1.670183188,3.508789647,12.168917972,-4.047653649,2.921542862,1.291253302,-22.064237240,20.122710093,0.905371919,-20.702585788,20.336450352,1.584140000,-23.075700000,20.331900000,79 76 77 0 0 0,217 32 5 0 0 0
Wing,GpuId7157,2893,27.878748328,1.073592078,2.468282374,5.450773470,1.670183188,3.508789647,12.168917972,-4.047653649,2.921542862,1.291253302,-22.064237240,20.122710093,0.905371919,-20.702585788,20.336450352,1.584140000,-23.075700000,20.331900000,79 76 77 0 0 0,217 32 5 0 0 0
Wing,GpuId7157,3949,27.878748328,1.073592078,2.468282374,5.450773470,1.670183188,3.508789647,12.168917972,-4.047653649,2.921542862,1.291253302,-22.064237240,20.122710093,0.905371919,-20.702585788,20.336450352,1.584140000,-23.075700000,20.331900000,79 76 77 0 0 0,217 32 5 0 0 0
Wing,GpuId7157,5106,38.517417421,1.072885173,2.678049915,-5.320801912,1.669032302,3.427334319,-11.064117445,-4.227388002,3.810485299,-10.249413081,-19.967631096,38.296447343,-10.378280552,-18.414385560,37.853178455,-9.962910000,-20.986300000,38.473400000,60 61 62 63 0 0,215 30 5 5 0 0
Wing,GpuId7157,2778,27.845129602,1.071746712,2.426649271,5.428868151,1.657601909,3.508595243,12.146170925,-4.025084723,2.960220810,1.309624098,-22.017036237,20.159625955,0.929312419,-20.694991109,20.377512212,1.601050000,-23.026800000,20.369600000,79 76 77 0 0 0,218 32 5 0 0 0
Wing,GpuId7157,5271,27.845129602,1.071746712,2.426649271,5.428868151,1.657601909,3.508595243,12.146170925,-4.025084723,2.960220810,1.309624098,-22.017036237,20.159625955,0.929312419,-20.694991109,20.377512212,1.601050000,-23.026800000,20.369600000,79 76 77 0 0 0,218 32 5 0 0 0
Wing,GpuId7157,6680,27.892147212,1.070855876,2.398018504,5.395279996,1.759795375,3.424418257,12.044250332,-3.874218645,2.757976692,1.091266586,-21.753341499,20.111385595,0.700325272,-20.471121303,20.423703762,1.392110000,-22.763800000,20.299000000,79 76 77 0 0 0,218 33 5 0 0 0
Wing,GpuId7157,107,38.732524133,1.068414874,2.878723744,-5.468297725,1.690088288,3.406533078,-11.162404344,-4.417402603,3.632577785,-10.439074772,-20.320929721,38.288322664,-10.625605626,-18.563412416,37.845125948,-10.151000000,-21.335300000,38.460300000,60 61 62 63 0 0,209 34 7 5 0 0
Wing,GpuId7157,992,38.732524133,1.068414874,2.878723744,-5.468297725,1.690088288,3.406533078,-11.162404344,-4.417402603,3.632577785,-10.439074772,-20.320929721,38.288322664,-10.625605626,-18.563412416,37.845125948,-10.151000000,-21.335300000,38.460300000,60 61 62 63 0 0,209 34 7 5 0 0
Wing,GpuId7157,42,38.500312464,1.063082814,2.637194202,-5.329077255,1.641908006,3.418002921,-11.030274470,-4.275117126,3.822063318,-10.221295753,-20.056537972,38.281277318,-10.366170712,-18.531603593,37.862677028,-9.932850000,-21.065600000,38.450800000,60 61 62 63 0 0,215 30 5 5 0 0
Wing,GpuId7157,1090,38.500312464,1.063082814,2.637194202,-5.329077255,1.641908006,3.418002921,-11.030274470,-4.275117126,3.822063318,-10.221295753,-20.056537972,38.281277318,-10.366170712,-18.531603593,37.862677028,-9.932850000,-21.065600000,38.450800000,60 61 62 63 0 0,215 30 5 5 0 0
Wing,GpuId7157,113,38.564154157,1.060604248,2.695735183,-5.375808601,1.650539652,3.407699503,-11.055307456,-4.330742871,3.760952448,-10.282048940,-20.161256710,38.271021630,-10.442725530,-18.575744784,37.851180802,-9.993780000,-21.168000000,38.439100000,60 61 62 63 0 0,213 31 6 5 0 0
Wing,GpuId7157,1088,38.564154157,1.060604248,2.695735183,-5.375808601,1.650539652,3.407699503,-11.055307456,-4.330742871,3.760952448,-10.282048940,-20.161256710,38.271021630,-10.442725530,-18.575744784,37.851180802,-9.993780000,-21.168000000,38.439100000,60 61 62 63 0 0,213 31 6 5 0 0
Wing,GpuId7157,6637,27.979538732,1.059560782,2.434500521,5.458075243,1.731964853,3.422863024,12.062357023,-4.010148591,2.743722590,1.092381838,-22.003480050,20.101361227,0.702840588,-20.666154484,20.346609043,1.385780000,-23.002400000,20.298200000,79 76 77 0 0 0,215 35 5 0 0 0
Wing,GpuId7157,106,38.621878725,1.058248838,2.745572844,-5.418158884,1.637382930,3.412754010,-11.085116095,-4.412795108,3.742258484,-10.310911436,-20.309183597,38.290316549,-10.499840208,-18.670899660,37.883679305,-10.019800000,-21.313400000,38.453700000,60 61 62 63 0 0,212 32 6 5 0 0
Wing,GpuId7157,6645,27.831923315,1.054700523,2.227612043,5.353416498,1.700132386,3.412948414,11.957610244,-3.871255499,2.875760515,1.139469695,-21.727299348,20.242663354,0.777106670,-20.594812357,20.538478922,1.430070000,-22.722200000,20.437900000,79 76 77 0 0 0,219 31 5 0 0 0
Wing,GpuId7157,5675,27.766133778,1.053738585,2.166955288,5.320801912,1.669032302,3.427334319,11.941587580,-3.847906541,2.965377375,1.202007352,-21.674183856,20.302798773,0.849598221,-20.600171929,20.597965687,1.489990000,-22.668100000,20.501700000,79 76 77 0 0 0,220 30 5 0 0 0
Wing,GpuId7157,4917,27.782344614,1.043418159,2.126797175,5.329077255,1.641908006,3.418002921,11.911860906,-3.893537650,2.991440124,1.208106408,-21.751426556,20.343851897,0.864305431,-20.703300705,20.609147677,1.489870000,-22.735100000,20.548100000,79 76 77 0 0 0,219 31 5 0 0 0
Wing,GpuId7157,5091,27.782344614,1.043418159,2.126797175,5.329077255,1.641908006,3.418002921,11.911860906,-3.893537650,2.991440124,1.208106408,-21.751426556,20.343851897,0.864305431,-20.703300705,20.609147677,1.489870000,-22.735100000,20.548100000,79 76 77 0 0 0,219 31 5 0 0 0
Wing,GpuId7157,2784,28.002309298,1.043216867,2.350864578,5.468297725,1.690088288,3.406533078,12.011890980,-4.076033970,2.783686338,1.099069668,-22.114014042,20.167672702,0.727136039,-20.839228393,20.372767163,1.382830000,-23.096800000,20.372400000,79 76 77 0 0 0,215 35 5 0 0 0
Wing,GpuId7157,3755,28.002309298,1.043216867,2.350864578,5.468297725,1.690088288,3.406533078,12.011890980,-4.076033970,2.783686338,1.099069668,-22.114014042,20.167672702,0.727136039,-20.839228393,20.372767163,1.382830000,-23.096800000,20.372400000,79 76 77 0 0 0,215 35 5 0 0 0
Wing,GpuId7157,2777,27.860843481,1.039406543,2.174615291,5.375808601,1.650539652,3.407699503,11.929098818,-3.964120472,2.927178913,1.167457920,-21.887874231,20.300989902,0.819203769,-20.785912717,20.540750688,1.447850000,-22.867400000,20.506600000,79 76 77 0 0 0,218 32 5 0 0 0
Wing,GpuId7157,3955,27.860843481,1.039406543,2.174615291,5.375808601,1.650539652,3.407699503,11.929098818,-3.964120472,2.927178913,1.167457920,-21.887874231,20.300989902,0.819203769,-20.785912717,20.540750688,1.447850000,-22.867400000,20.506600000,79 76 77 0 0 0,218 32 5 0 0 0
Wing,GpuId7157,4764,38.581944496,1.038789526,2.708153678,-5.410370326,1.780903674,3.233319003,-10.920815626,-4.203424369,3.381649535,-10.516458266,-19.982046852,37.946364284,-10.617267991,-18.368795384,37.465067112,-10.246400000,-20.969300000,38.123800000,60 61 62 63 70 0,199 41 10 5 0 0
Wing,GpuId7157,186,38.758325873,1.037109076,2.907010243,-5.532066541,1.765419023,3.249648949,-11.025159230,-4.406308073,3.313870039,-10.621180514,-20.346926116,38.005347785,-10.796265855,-18.531136672,37.541223450,-10.345400000,-21.332300000,38.174400000,60 61 62 63 70 0,193 46 11 5 0 0
Wing,GpuId7157,2853,27.915142799,1.035438084,2.215614226,5.418158884,1.637382930,3.412754010,11.956007419,-4.048304182,2.914191899,1.173108421,-22.044787508,20.280531020,0.823507304,-20.894789365,20.481134113,1.450200000,-23.019900000,20.491500000,79 76 77 0 0 0,217 33 5 0 0 0
Wing,GpuId7157,1046,38.741922618,1.032091348,2.881295307,-5.531579757,1.750980632,3.245372059,-11.003889888,-4.424171901,3.325385617,-10.600389884,-20.380336160,37.997133988,-10.781803040,-18.583867814,37.545530077,-10.323700000,-21.360800000,38.162500000,60 61 62 63 70 0,193 46 11 5 0 0
Wing,GpuId7157,1138,38.741922618,1.032091348,2.881295307,-5.531579757,1.750980632,3.245372059,-11.003889888,-4.424171901,3.325385617,-10.600389884,-20.380336160,37.997133988,-10.781803040,-18.583867814,37.545530077,-10.323700000,-21.360800000,38.162500000,60 61 62 63 70 0,193 46 11 5 0 0
Wing,GpuId7157,4825,38.653594157,1.028346077,2.783329492,-5.478520207,1.761521704,3.221265947,-10.933744085,-4.329488730,3.331808042,-10.560315152,-20.214765595,37.939245605,-10.707168303,-18.512803667,37.480307971,-10.287500000,-21.191900000,38.107400000,60 61 62 63 70 0,194 45 11 5 0 0
Wing,GpuId7157,185,38.801199610,1.026792388,2.944368543,-5.578311103,1.786239602,3.202603151,-11.002206400,-4.442095028,3.200611170,-10.698654986,-20.425727973,37.927832670,-10.881635093,-18.562687899,37.460000222,-10.426200000,-21.401600000,38.094400000,60 61 62 63 70 0,187 49 13 5 0 0
Wing,GpuId7157,5126,38.254994418,1.024558439,2.294411834,-5.224418510,1.667698320,3.259563560,-10.726003543,-4.085667921,3.689346557,-10.170784507,-19.756493218,37.959678177,-10.235030634,-18.532931422,37.554360218,-9.894090000,-20.729200000,38.124000000,60 61 63 62 0 0,212 32 5 5 0 0
Wing,GpuId7157,4826,38.436802253,1.024245633,2.486927550,-5.342707231,1.716506359,3.230986154,-10.810249402,-4.190715144,3.502478804,-10.362024384,-19.957795723,37.928577689,-10.454995288,-18.544438845,37.497981217,-10.088100000,-20.930600000,38.095000000,60 61 62 63 70 0,206 36 8 5 0 0
Wing,GpuId7157,1044,38.785683643,1.020704961,2.917202209,-5.581231812,1.763091094,3.202991960,-10.982395851,-4.476491871,3.224483928,-10.668418496,-20.487763534,37.929038693,-10.863754592,-18.643886524,37.479964218,-10.394100000,-21.457600000,38.090300000,60 61 62 63 70 0,188 49 13 5 0 0
Wing,GpuId7157,1132,38.785683643,1.020704961,2.917202209,-5.581231812,1.763091094,3.202991960,-10.982395851,-4.476491871,3.224483928,-10.668418496,-20.487763534,37.929038693,-10.863754592,-18.643886524,37.479964218,-10.394100000,-21.457600000,38.090300000,60 61 62 63 70 0,188 49 13 5 0 0
Wing,GpuId7157,544,38.619146345,1.019867543,2.710470516,-5.473652358,1.713733769,3.231180558,-10.903468908,-4.387372623,3.396756323,-10.491283454,-20.316337207,37.957415382,-10.657597687,-18.674615198,37.536002336,-10.213800000,-21.284800000,38.116200000,60 61 62 63 70 0,197 43 10 5 0 0
Wing,GpuId7157,40,38.272961586,1.018624963,2.314197622,-5.251191677,1.651612069,3.258785943,-10.725050871,-4.142928942,3.687653508,-10.170395604,-19.860757009,37.962933573,-10.255516807,-18.609723157,37.570652093,-9.892510000,-20.827700000,38.122300000,60 61 62 63 70 0,212 33 6 5 0 0
Wing,GpuId7157,991,38.272961586,1.018624963,2.314197622,-5.251191677,1.651612069,3.258785943,-10.725050871,-4.142928942,3.687653508,-10.170395604,-19.860757009,37.962933573,-10.255516807,-18.609723157,37.570652093,-9.892510000,-20.827700000,38.122300000,60 61 62 63 70 0,212 33 6 5 0 0
Wing,GpuId7157,2200,38.439008315,1.017007832,2.477405699,-5.361205056,1.680881198,3.238956723,-10.802628323,-4.264643382,3.536457857,-10.329300478,-20.089377099,37.948084040,-10.449867625,-18.674992372,37.545043744,-10.051800000,-21.054900000,38.106400000,60 61 62 63 70 0,206 36 8 5 0 0
Wing,GpuId7157,5537,28.096720104,1.010914268,2.179461533,5.410370326,1.780903674,3.233319003,11.728281095,-3.916103846,2.542159319,0.753350246,-21.819603783,20.234880039,0.385843042,-20.695502480,20.519960526,1.034820000,-22.773500000,20.416000000,79 76 77 0 0 0,208 42 5 0 0 0
Wing,GpuId7157,539,38.508556171,1.010576051,2.546240238,-5.421566378,1.665971990,3.235846257,-10.827189888,-4.371878416,3.499340207,-10.369549176,-20.285438245,37.955283918,-10.527385057,-18.794716877,37.568428543,-10.089700000,-21.244600000,38.106800000,60 61 62 63 70 0,203 38 9 5 0 0
Wing,GpuId7157,5338,28.253980948,1.005019997,2.366442990,5.532066541,1.765419023,3.249648949,11.822753730,-4.134588995,2.474102107,0.753604414,-22.232808805,20.143902055,0.366828554,-20.908052905,20.325570060,1.029470000,-23.179800000,20.336700000,79 76 77 0 0 0,201 48 5 0 0 0
Wing,GpuId7157,5676,27.785999574,1.002736396,1.793573655,5.224418510,1.667698320,3.259563560,11.581282911,-3.722728106,2.903210003,0.959674072,-21.416973677,20.531294852,0.650906471,-20.672774225,20.867571506,1.231210000,-22.363500000,20.720600000,79 76 77 0 0 0,217 33 5 0 0 0
