submesh,gpu_id,vertex_id,error_exact,error_diag_block0,late_factor_6bit,active_influences,local_x,local_y,local_z,pred_exact_x,pred_exact_y,pred_exact_z,pix_x,pix_y,pix_z
Head,GpuId7158,4269,0.530936733,0.419152401,63,6,-0.012075869,1.257167249,-3.048532110,-11.054389718,-10.242018646,27.623323313,-11.055000000,-10.772500000,27.645300000
Head,GpuId7158,4261,0.530716890,0.418931657,63,6,-0.010497460,1.264725379,-3.054867935,-11.069265306,-10.231058961,27.616246472,-11.070100000,-10.761300000,27.638700000
Head,GpuId7158,4407,0.530490305,0.418711514,63,6,-0.000005679,1.261007267,-3.057757960,-11.075851430,-10.263658639,27.610892695,-11.076600000,-10.793700000,27.632700000
Head,GpuId7158,5024,0.530490305,0.418711514,63,6,-0.000005679,1.261007267,-3.057757960,-11.075851430,-10.263658639,27.610892695,-11.076600000,-10.793700000,27.632700000
Head,GpuId7158,4271,0.530421717,0.418645827,63,6,-0.000005679,1.253692947,-3.050644051,-11.060404016,-10.277707253,27.615380278,-11.061000000,-10.807700000,27.636700000
Head,GpuId7158,4959,0.530421717,0.418645827,63,6,-0.000005679,1.253692947,-3.050644051,-11.060404016,-10.277707253,27.615380278,-11.061000000,-10.807700000,27.636700000
Head,GpuId7158,4266,0.530190495,0.418406755,63,6,-0.018714474,1.265639669,-3.040640118,-11.043509781,-10.207993321,27.615176672,-11.044500000,-10.737700000,27.637800000
Head,GpuId7158,4363,0.530136115,0.418359003,63,6,-0.010079646,1.255460574,-3.039083950,-11.038780721,-10.248905667,27.617073697,-11.039500000,-10.778600000,27.638700000
Head,GpuId7158,4364,0.530136115,0.418359003,63,6,-0.010079646,1.255460574,-3.039083950,-11.038780721,-10.248905667,27.617073697,-11.039500000,-10.778600000,27.638700000
Head,GpuId7158,4263,0.530107816,0.418329497,63,6,-0.000005679,1.264908237,-3.056312947,-11.075527622,-10.255449310,27.605107230,-11.076400000,-10.785100000,27.627100000
Head,GpuId7158,4950,0.530107816,0.418329497,63,6,-0.000005679,1.264908237,-3.056312947,-11.075527622,-10.255449310,27.605107230,-11.076400000,-10.785100000,27.627100000
Head,GpuId7158,4259,0.529893770,0.418109542,63,6,-0.016161165,1.272893036,-3.045975549,-11.056944765,-10.199805574,27.606730143,-11.058100000,-10.729200000,27.629700000
Head,GpuId7158,4402,0.529875400,0.418092545,63,6,-0.006597860,1.270028261,-3.051977909,-11.068726515,-10.228904310,27.603379006,-11.069700000,-10.758300000,27.625900000
Head,GpuId7158,4268,0.529796175,0.418019096,63,6,-0.014861298,1.261251077,-3.034304293,-11.032259852,-10.225162486,27.612179551,-11.033200000,-10.754500000,27.634200000
Head,GpuId7158,4276,0.529796175,0.418019096,63,6,-0.014861298,1.261251077,-3.034304293,-11.032259852,-10.225162486,27.612179551,-11.033200000,-10.754500000,27.634200000
Head,GpuId7158,4274,0.529692265,0.417922914,63,6,-0.000005679,1.253022467,-3.039973189,-11.042614020,-10.277624427,27.609304933,-11.043300000,-10.806900000,27.630300000
Head,GpuId7158,4360,0.529692265,0.417922914,63,6,-0.000005679,1.253022467,-3.039973189,-11.042614020,-10.277624427,27.609304933,-11.043300000,-10.806900000,27.630300000
Head,GpuId7158,4477,0.529692265,0.417922914,63,6,-0.000005679,1.253022467,-3.039973189,-11.042614020,-10.277624427,27.609304933,-11.043300000,-10.806900000,27.630300000
Head,GpuId7158,5016,0.529692265,0.417922914,63,6,-0.000005679,1.253022467,-3.039973189,-11.042614020,-10.277624427,27.609304933,-11.043300000,-10.806900000,27.630300000
Head,GpuId7158,4258,0.529421293,0.417643353,63,6,-0.000005679,1.269662545,-3.051644445,-11.070381330,-10.245046445,27.596173783,-11.071400000,-10.774000000,27.618400000
Head,GpuId7158,4462,0.529421293,0.417643353,63,6,-0.000005679,1.269662545,-3.051644445,-11.070381330,-10.245046445,27.596173783,-11.071400000,-10.774000000,27.618400000
Head,GpuId7158,4955,0.529244288,0.417473095,63,6,0.010486102,1.264725379,-3.054867935,-11.076875627,-10.280195382,27.592551498,-11.077800000,-10.809000000,27.614100000
Head,GpuId7158,4368,0.529184022,0.417411017,63,6,-0.008919050,1.260092977,-3.031414267,-11.029086744,-10.241060312,27.605038113,-11.030000000,-10.769800000,27.626700000
Head,GpuId7158,5021,0.529167601,0.417400672,63,6,0.012064511,1.257167249,-3.048532110,-11.063144954,-10.298547272,27.596063610,-11.063900000,-10.827300000,27.617000000
Head,GpuId7158,4267,0.529088291,0.417306240,63,6,-0.024099636,1.274416853,-3.028635397,-11.026522080,-10.175714586,27.602572913,-11.027800000,-10.704300000,27.625600000
Head,GpuId7158,4264,0.529049113,0.417269395,63,6,-0.008454812,1.276245433,-3.045086310,-11.060037648,-10.210844592,27.593284396,-11.061300000,-10.739400000,27.616100000
Head,GpuId7158,5030,0.528877481,0.417105478,63,6,0.006586502,1.270028261,-3.051977909,-11.073508221,-10.259777637,27.588491014,-11.074600000,-10.788200000,27.610400000
Head,GpuId7158,4270,0.528747405,0.416972526,63,6,-0.018993017,1.268199681,-3.023411120,-11.016588160,-10.199726414,27.601153446,-11.017800000,-10.728000000,27.623500000
Head,GpuId7158,4275,0.528747405,0.416972526,63,6,-0.018993017,1.268199681,-3.023411120,-11.016588160,-10.199726414,27.601153446,-11.017800000,-10.728000000,27.623500000
Head,GpuId7158,4958,0.528719792,0.416957798,63,6,0.010068288,1.255460574,-3.039083950,-11.046087975,-10.296085328,27.594322329,-11.046900000,-10.824400000,27.615000000
Head,GpuId7158,5019,0.528719792,0.416957798,63,6,0.010068288,1.255460574,-3.039083950,-11.046087975,-10.296085328,27.594322329,-11.046900000,-10.824400000,27.615000000
Head,GpuId7158,4272,0.528589092,0.416822560,63,6,-0.000005679,1.258934876,-3.030858493,-11.030806148,-10.264234844,27.596052961,-11.031700000,-10.792400000,27.617200000
Head,GpuId7158,5014,0.528589092,0.416822560,63,6,-0.000005679,1.258934876,-3.030858493,-11.030806148,-10.264234844,27.596052961,-11.031700000,-10.792400000,27.617200000
Head,GpuId7158,4404,0.528523240,0.416742212,63,6,-0.019550103,1.282279747,-3.032859280,-11.039182824,-10.170797436,27.590394744,-11.040700000,-10.698800000,27.613800000
Head,GpuId7158,4262,0.528445869,0.416673576,63,6,-0.000005679,1.275087332,-3.043752453,-11.060317034,-10.232825590,27.584319694,-11.061600000,-10.760800000,27.606600000
Head,GpuId7158,4470,0.528445869,0.416673576,63,6,-0.000005679,1.275087332,-3.043752453,-11.060317034,-10.232825590,27.584319694,-11.061600000,-10.760800000,27.606600000
Head,GpuId7158,4415,0.528235081,0.416463169,63,6,-0.041276445,1.295079807,-2.936599206,-10.880668654,-10.080464461,27.536690602,-10.882300000,-10.608200000,27.559600000
Head,GpuId7158,4469,0.528235081,0.416463169,63,6,-0.041276445,1.295079807,-2.936599206,-10.880668654,-10.080464461,27.536690602,-10.882300000,-10.608200000,27.559600000
Head,GpuId7158,4336,0.528106658,0.416330855,63,6,-0.045640283,1.304161754,-2.939044612,-10.887826891,-10.051928260,27.531910480,-10.889700000,-10.579500000,27.555600000
Head,GpuId7158,4485,0.528009919,0.416231261,63,6,-0.040858631,1.296359813,-2.971057200,-10.937804705,-10.083528110,27.556937479,-10.939600000,-10.611000000,27.580700000
Head,GpuId7158,4484,0.527919426,0.416141799,63,6,-0.034405721,1.288009298,-2.996067035,-10.976657245,-10.119210090,27.576225306,-10.978400000,-10.646600000,27.599800000
Head,GpuId7158,4960,0.527899463,0.416140395,63,6,0.008954116,1.260092977,-3.031414267,-11.035568986,-10.282913237,27.584855448,-11.036600000,-10.810400000,27.605700000
Head,GpuId7158,4467,0.527845614,0.416078260,63,6,0.008443454,1.276245433,-3.045086310,-11.066166313,-10.250414630,27.574202604,-11.067500000,-10.777800000,27.596200000
Head,GpuId7158,4482,0.527776937,0.416005530,63,6,-0.034452145,1.289594067,-2.968167175,-10.931870596,-10.112029763,27.556243522,-10.933600000,-10.639300000,27.579300000
Head,GpuId7158,4483,0.527776937,0.416005530,63,6,-0.034452145,1.289594067,-2.968167175,-10.931870596,-10.112029763,27.556243522,-10.933600000,-10.639300000,27.579300000
Head,GpuId7158,4273,0.527708045,0.415941896,63,6,-0.009986798,1.268504445,-3.017964534,-11.011112205,-10.219444910,27.587078155,-11.012400000,-10.746700000,27.608900000
Head,GpuId7158,4481,0.527701629,0.415929780,63,6,-0.028138507,1.281670220,-2.993065854,-10.970713848,-10.146494136,27.575086192,-10.972300000,-10.673700000,27.597900000
Head,GpuId7158,4561,0.527701629,0.415929780,63,6,-0.028138507,1.281670220,-2.993065854,-10.970713848,-10.146494136,27.575086192,-10.972300000,-10.673700000,27.597900000
Head,GpuId7158,4401,0.527654879,0.415880178,63,6,-0.010079646,1.285266428,-3.032970435,-11.044359443,-10.186855343,27.576059329,-11.046000000,-10.714000000,27.599200000
Head,GpuId7158,4478,0.527608135,0.415829285,63,6,-0.034266450,1.295750286,-2.998290131,-10.984384842,-10.103942242,27.567883411,-10.986300000,-10.631000000,27.591900000
Head,GpuId7158,4480,0.527586247,0.415816165,63,6,-0.023542550,1.274904474,-3.009516768,-10.995732643,-10.173402114,27.588959128,-10.997300000,-10.700500000,27.611600000
Head,GpuId7158,4489,0.527586247,0.415816165,63,6,-0.023542550,1.274904474,-3.009516768,-10.995732643,-10.173402114,27.588959128,-10.997300000,-10.700500000,27.611600000
Head,GpuId7158,4953,0.527564358,0.415800757,63,6,0.016196230,1.272893036,-3.045975549,-11.068680149,-10.275575675,27.570191656,-11.069900000,-10.802700000,27.591700000
Head,GpuId7158,4957,0.527563326,0.415806323,63,6,0.014896364,1.261251077,-3.034304293,-11.043052364,-10.294844889,27.578576724,-11.044100000,-10.822000000,27.599300000
Head,GpuId7158,5017,0.527563326,0.415806323,63,6,0.014896364,1.261251077,-3.034304293,-11.043052364,-10.294844889,27.578576724,-11.044100000,-10.822000000,27.599300000
Head,GpuId7158,4476,0.527545204,0.415769726,63,6,-0.029159831,1.284352138,-3.011962174,-11.002627328,-10.141179681,27.585139736,-11.004400000,-10.668200000,27.608600000
Head,GpuId7158,4951,0.527501741,0.415744368,63,6,0.018703116,1.265639669,-3.040640118,-11.057080396,-10.295612691,27.572924131,-11.058200000,-10.822700000,27.593800000
Head,GpuId7158,4475,0.527418673,0.415642138,63,6,-0.040069426,1.307087482,-2.973280296,-10.947328227,-10.063648272,27.544148478,-10.949500000,-10.590500000,27.568500000
Body_02,GpuId7153,1284,0.527375326,0.417907854,63,6,-0.121987563,0.826502979,-1.995664663,-8.738391632,-10.791503420,27.364396016,-8.793730000,-11.315900000,27.372800000
Wing,GpuId7157,5600,0.527369924,0.635431046,63,6,6.624898552,1.904911666,1.724742999,-1.556113534,-25.787837241,20.334239537,-1.630730000,-25.307000000,20.130900000
Head,GpuId7158,4494,0.527311775,0.415544857,63,6,-0.031248902,1.296116002,-2.934820728,-10.881940117,-10.101574185,27.522927604,-10.883600000,-10.628400000,27.545500000
Head,GpuId7158,4408,0.527309707,0.415535818,63,6,-0.043179821,1.315011329,-2.940823089,-10.897293571,-10.035650753,27.516794838,-10.899500000,-10.562400000,27.541000000
Head,GpuId7158,4382,0.527207211,0.415448558,63,6,-0.000005679,1.266675865,-3.019076082,-11.015593569,-10.246724846,27.578800377,-11.016900000,-10.773500000,27.600100000
Head,GpuId7158,4973,0.527207211,0.415448558,63,6,-0.000005679,1.266675865,-3.019076082,-11.015593569,-10.246724846,27.578800377,-11.016900000,-10.773500000,27.600100000
