submesh,gpu_id,candidate,vertex_id,nearest_distance,reforward_error,world_x,world_y,world_z,local_x,local_y,local_z
Wing,GpuId7157,glb_primitive_seg_z16,206,2.605728061,0.000000000,-8.802115116,-17.873900000,28.445198107,-3.344406824,0.745931049,-1.798585878
Wing,GpuId7157,glb_primitive_seg_z16,2304,2.590611120,0.000000000,-8.802115116,-17.873900000,28.445198107,-3.386947951,0.716347956,-1.801591610
Wing,GpuId7157,glb_primitive_seg_z16,1137,2.590237858,0.000000000,-8.802115116,-17.873900000,28.445198107,-3.342304329,0.747361499,-1.798142237
Wing,GpuId7157,glb_primitive_seg_z16,417,2.589619681,0.000000000,-8.802115116,-17.873900000,28.445198107,-3.345110396,0.745452973,-1.798729046
Wing,GpuId7157,glb_primitive_seg_z16,194,2.588258528,0.000000000,-8.802115116,-17.873900000,28.445198107,-3.369140847,0.728129216,-1.801060898
Wing,GpuId7157,glb_primitive_seg_z16,2303,2.588110901,0.000000000,-9.784543963,-17.128314907,30.433885142,-3.714243840,0.691875837,-0.694323212
Wing,GpuId7157,glb_primitive_seg_z16,422,2.577288758,0.000000000,-8.802115116,-17.873900000,28.445198107,-3.368412879,0.728614570,-1.801005097
Wing,GpuId7157,glb_primitive_seg_z16,1107,2.575941585,0.000000000,-8.802115116,-17.873900000,28.445198107,-3.343704157,0.746408812,-1.798440250
Wing,GpuId7157,glb_primitive_seg_z16,604,2.573421306,0.000000000,-8.802115116,-17.873900000,28.445198107,-3.351853966,0.739739524,-1.799002275
Wing,GpuId7157,glb_primitive_seg_z16,2307,2.567081731,0.000000000,-8.802115116,-17.873900000,28.445198107,-3.342301572,0.747363377,-1.798141640
Wing,GpuId7157,glb_primitive_seg_z16,1124,2.552565231,0.000000000,-8.802115116,-17.873900000,28.445198107,-3.342301572,0.747363377,-1.798141640
Wing,GpuId7157,glb_primitive_seg_z16,367,2.551061443,0.000000000,-10.603115557,-15.972279300,30.465123444,-3.576719893,1.217083566,-0.389666514
Wing,GpuId7157,glb_primitive_seg_z16,420,2.547849766,0.000000000,-8.802115116,-17.873900000,28.445198107,-3.342301572,0.747363377,-1.798141640
Wing,GpuId7157,glb_primitive_seg_z16,1106,2.544651600,0.000000000,-8.802115116,-17.873900000,28.445198107,-3.369612876,0.726631593,-1.800078348
Wing,GpuId7157,glb_primitive_seg_z16,250,2.536581239,0.000000000,-8.802115116,-17.873900000,28.445198107,-3.443214894,0.676552279,-1.789229332
Wing,GpuId7157,glb_primitive_seg_z16,191,2.536029606,0.000000000,-8.802115116,-17.873900000,28.445198107,-3.346539672,0.744482714,-1.799011750
Wing,GpuId7157,glb_primitive_seg_z16,193,2.529432175,0.000000000,-8.802115116,-17.873900000,28.445198107,-3.343007926,0.746882499,-1.798293344
Wing,GpuId7157,glb_primitive_seg_z16,1104,2.524558464,0.000000000,-8.802115116,-17.873900000,28.445198107,-3.342301572,0.747363377,-1.798141640
Wing,GpuId7157,glb_primitive_seg_z16,558,2.523029665,0.000000000,-8.802115116,-17.873900000,28.445198107,-3.345110396,0.745452973,-1.798729046
Wing,GpuId7157,glb_primitive_seg_z16,369,2.522090218,0.000000000,-8.802115116,-17.873900000,28.445198107,-3.342301572,0.747363377,-1.798141640
Wing,GpuId7157,glb_primitive_seg_z16,166,2.513942957,0.000000000,-8.802115116,-17.873900000,28.445198107,-3.343007926,0.746882499,-1.798293344
Wing,GpuId7157,glb_primitive_seg_z16,368,2.508430128,0.000000000,-8.802115116,-17.873900000,28.445198107,-3.358656179,0.733992479,-1.799011064
Wing,GpuId7157,glb_primitive_seg_z16,179,2.507647440,0.000000000,-9.784543963,-17.128314907,30.433885142,-3.630735747,0.752465689,-0.633215458
Wing,GpuId7157,glb_primitive_seg_z16,188,2.497529357,0.000000000,-8.802115116,-17.873900000,28.445198107,-3.372058513,0.726187048,-1.801257617
Wing,GpuId7157,glb_primitive_seg_z16,195,2.488762944,0.000000000,-8.802115116,-17.873900000,28.445198107,-3.343002404,0.746886257,-1.798292169
Wing,GpuId7157,glb_primitive_seg_z16,780,2.488762944,0.000000000,-8.802115116,-17.873900000,28.445198107,-3.343002404,0.746886257,-1.798292169
Wing,GpuId7157,glb_primitive_seg_z16,203,2.487284518,0.000000000,-8.802115116,-17.873900000,28.445198107,-3.391548314,0.712135464,-1.800414406
Wing,GpuId7157,glb_primitive_seg_z16,419,2.486181356,0.000000000,-8.802115116,-17.873900000,28.445198107,-3.343002404,0.746886257,-1.798292169
Wing,GpuId7157,glb_primitive_seg_z16,1105,2.485796862,0.000000000,-9.784543963,-17.128314907,30.433885142,-3.699276357,0.702310574,-0.674991229
Wing,GpuId7157,glb_primitive_seg_z16,192,2.482890528,0.000000000,-8.802115116,-17.873900000,28.445198107,-3.343704157,0.746408812,-1.798440250
Wing,GpuId7157,glb_primitive_seg_z16,202,2.482890528,0.000000000,-8.802115116,-17.873900000,28.445198107,-3.343704157,0.746408812,-1.798440250
Wing,GpuId7157,glb_primitive_seg_z16,2305,2.463669774,0.000000000,-8.802115116,-17.873900000,28.445198107,-3.442001196,0.676052042,-1.788364582
Wing,GpuId7157,glb_primitive_seg_z16,163,2.461629545,0.000000000,-8.802115116,-17.873900000,28.445198107,-3.350432760,0.740702011,-1.798764031
Wing,GpuId7157,glb_primitive_seg_z16,201,2.461629545,0.000000000,-8.802115116,-17.873900000,28.445198107,-3.350432760,0.740702011,-1.798764031
Wing,GpuId7157,glb_primitive_seg_z16,2306,2.450781825,0.000000000,-8.802115116,-17.873900000,28.445198107,-3.397223529,0.697578918,-1.790187196
Wing,GpuId7157,glb_primitive_seg_z16,5287,2.441297401,0.000000000,-10.603115557,-15.972279300,30.465123444,-3.492714428,1.275116888,-0.400678481
Wing,GpuId7157,glb_primitive_seg_z16,2717,2.430651631,0.000000000,-10.603115557,-15.972279300,30.465123444,-3.477169590,1.287780812,-0.400994891
Wing,GpuId7157,glb_primitive_seg_z16,205,2.427012899,0.000000000,-8.802115116,-17.873900000,28.445198107,-3.370841049,0.725830404,-1.800176568
Wing,GpuId7157,glb_primitive_seg_z16,397,2.427012899,0.000000000,-8.802115116,-17.873900000,28.445198107,-3.370841049,0.725830404,-1.800176568
Wing,GpuId7157,glb_primitive_seg_z16,4631,2.421114063,0.000000000,-9.784543963,-17.128314907,30.433885142,-3.592212250,0.778805223,-0.609211187
Wing,GpuId7157,glb_primitive_seg_z16,4562,2.420082868,0.000000000,-10.603115557,-15.972279300,30.465123444,-3.491563103,1.277313016,-0.397858086
Wing,GpuId7157,glb_primitive_seg_z16,1136,2.411642615,0.000000000,-9.784543963,-17.128314907,30.433885142,-3.629192225,0.753387163,-0.630682607
Wing,GpuId7157,glb_primitive_seg_z16,418,2.386010191,0.000000000,-9.784543963,-17.128314907,30.433885142,-3.640740845,0.745124213,-0.635364332
Wing,GpuId7157,glb_primitive_seg_z16,249,2.375998263,0.000000000,-8.802115116,-17.873900000,28.445198107,-3.401015620,0.704730414,-1.798708145
Wing,GpuId7157,glb_primitive_seg_z16,421,2.375998263,0.000000000,-8.802115116,-17.873900000,28.445198107,-3.401015620,0.704730414,-1.798708145
Wing,GpuId7157,glb_primitive_seg_z16,204,2.355784243,0.000000000,-8.802115116,-17.873900000,28.445198107,-3.468244135,0.657231513,-1.775812273
Wing,GpuId7157,glb_primitive_seg_z16,573,2.355784243,0.000000000,-8.802115116,-17.873900000,28.445198107,-3.468244135,0.657231513,-1.775812273
Wing,GpuId7157,glb_primitive_seg_z16,2733,2.348661353,0.000000000,-9.784543963,-17.128314907,30.433885142,-3.570750224,0.793615048,-0.598688896
Wing,GpuId7157,glb_primitive_seg_z16,506,2.338468285,0.000000000,-10.603115557,-15.972279300,30.465123444,-3.444510186,1.321109533,-0.393165049
Wing,GpuId7157,glb_primitive_seg_z16,2731,2.338468285,0.000000000,-10.603115557,-15.972279300,30.465123444,-3.444510186,1.321109533,-0.393165049
Wing,GpuId7157,glb_primitive_seg_z16,595,2.330146245,0.000000000,-9.784543963,-17.128314907,30.433885142,-3.577857345,0.788687014,-0.601321050
Wing,GpuId7157,glb_primitive_seg_z16,4626,2.330146245,0.000000000,-9.784543963,-17.128314907,30.433885142,-3.577857345,0.788687014,-0.601321050
Wing,GpuId7157,glb_primitive_seg_z16,507,2.320556997,0.000000000,-9.784543963,-17.128314907,30.433885142,-3.543649972,0.813138223,-0.568976701
Wing,GpuId7157,glb_primitive_seg_z16,603,2.320556997,0.000000000,-9.784543963,-17.128314907,30.433885142,-3.543649972,0.813138223,-0.568976701
Wing,GpuId7157,glb_primitive_seg_z16,2718,2.320556997,0.000000000,-9.784543963,-17.128314907,30.433885142,-3.543649972,0.813138223,-0.568976701
Wing,GpuId7157,glb_primitive_seg_z16,806,2.313427766,0.000000000,-10.603115557,-15.972279300,30.465123444,-3.441873692,1.342457299,-0.366315093
Wing,GpuId7157,glb_primitive_seg_z16,4622,2.313427766,0.000000000,-10.603115557,-15.972279300,30.465123444,-3.441873692,1.342457299,-0.366315093
Wing,GpuId7157,glb_primitive_seg_z16,4674,2.308864682,0.000000000,-9.784543963,-17.128314907,30.433885142,-3.577022506,0.789267790,-0.601104892
Wing,GpuId7157,glb_primitive_seg_z16,460,2.304193106,0.000000000,-10.603115557,-15.972279300,30.465123444,-3.443482575,1.322811716,-0.391441362
Wing,GpuId7157,glb_primitive_seg_z16,488,2.304193106,0.000000000,-10.603115557,-15.972279300,30.465123444,-3.443482575,1.322811716,-0.391441362
Wing,GpuId7157,glb_primitive_seg_z16,4616,2.304193106,0.000000000,-10.603115557,-15.972279300,30.465123444,-3.443482575,1.322811716,-0.391441362
Wing,GpuId7157,glb_primitive_seg_z16,748,2.295993479,0.000000000,-9.784543963,-17.128314907,30.433885142,-3.548882766,0.809161947,-0.576377751
Wing,GpuId7157,glb_primitive_seg_z16,4620,2.295993479,0.000000000,-9.784543963,-17.128314907,30.433885142,-3.548882766,0.809161947,-0.576377751
Wing,GpuId7157,glb_primitive_seg_z16,508,2.279142681,0.000000000,-10.603115557,-15.972279300,30.465123444,-3.434864480,1.351843425,-0.363012138
Wing,GpuId7157,glb_primitive_seg_z16,4627,2.279142681,0.000000000,-10.603115557,-15.972279300,30.465123444,-3.434864480,1.351843425,-0.363012138
Wing,GpuId7157,glb_primitive_seg_z16,485,2.271960293,0.000000000,-10.603115557,-15.972279300,30.465123444,-3.434326567,1.333165293,-0.388885754
Wing,GpuId7157,glb_primitive_seg_z16,486,2.271960293,0.000000000,-10.603115557,-15.972279300,30.465123444,-3.434326567,1.333165293,-0.388885754
Wing,GpuId7157,glb_primitive_seg_z16,4568,2.271960293,0.000000000,-10.603115557,-15.972279300,30.465123444,-3.434326567,1.333165293,-0.388885754
Wing,GpuId7157,glb_primitive_seg_z16,505,2.266715655,0.000000000,-10.603115557,-15.972279300,30.465123444,-3.408843913,1.390638283,-0.350327460
Wing,GpuId7157,glb_primitive_seg_z16,694,2.266715655,0.000000000,-10.603115557,-15.972279300,30.465123444,-3.408843913,1.390638283,-0.350327460
Wing,GpuId7157,glb_primitive_seg_z16,827,2.237085485,0.000000000,-10.603115557,-15.972279300,30.465123444,-3.372198328,1.473726858,-0.321606613
Wing,GpuId7157,glb_primitive_seg_z16,826,2.235669867,0.000000000,-9.784543963,-17.128314907,30.433885142,-3.498824122,0.859949075,-0.468544639
Wing,GpuId7157,glb_primitive_seg_z16,531,2.232426412,0.000000000,-10.603115557,-15.972279300,30.465123444,-3.406660196,1.371292861,-0.374998809
Wing,GpuId7157,glb_primitive_seg_z16,459,2.176076398,0.000000000,-10.603115557,-15.972279300,30.465123444,-3.388371868,1.421502390,-0.344583077
Wing,GpuId7157,glb_primitive_seg_z16,477,2.176076398,0.000000000,-10.603115557,-15.972279300,30.465123444,-3.388371868,1.421502390,-0.344583077
Wing,GpuId7157,glb_primitive_seg_z16,532,2.169697386,0.000000000,-10.603115557,-15.972279300,30.465123444,-3.377802326,1.440377871,-0.340846947
Wing,GpuId7157,glb_primitive_seg_z16,481,2.151595012,0.000000000,-10.603115557,-15.972279300,30.465123444,-3.318386803,1.592566633,-0.324291659
Wing,GpuId7157,glb_primitive_seg_z16,482,2.151593332,0.000000000,-10.603115557,-15.972279300,30.465123444,-3.378172358,1.437864446,-0.342542043
Wing,GpuId7157,glb_primitive_seg_z16,594,2.095932106,0.000000000,-10.603115557,-15.972279300,30.465123444,-3.280225479,1.683434273,-0.351372765
Wing,GpuId7157,glb_primitive_seg_z16,794,2.095932106,0.000000000,-10.603115557,-15.972279300,30.465123444,-3.280225479,1.683434273,-0.351372765
Wing,GpuId7157,glb_primitive_seg_z16,529,2.078033205,0.000000000,-10.603115557,-15.972279300,30.465123444,-3.320102213,1.552847782,-0.338746503
Wing,GpuId7157,glb_primitive_seg_z16,530,2.071661379,0.000000000,-10.603115557,-15.972279300,30.465123444,-3.275825054,1.703555334,-0.356824965
Wing,GpuId7157,glb_primitive_seg_z16,4675,2.053756672,0.000000000,-10.603115557,-15.972279300,30.465123444,-3.284655025,1.618964686,-0.358378462
Wing,GpuId7157,glb_primitive_seg_z16,804,2.037909171,0.000000000,-10.603115557,-15.972279300,30.465123444,-3.269342080,1.725220306,-0.369727861
Wing,GpuId7157,glb_primitive_seg_z16,803,2.030820077,0.000000000,-10.603115557,-15.972279300,30.465123444,-3.284774124,1.728864429,-0.350236198
Wing,GpuId7157,glb_primitive_seg_z16,461,2.016205509,0.000000000,-10.603115557,-15.972279300,30.465123444,-3.272445928,1.755427044,-0.358025858
Wing,GpuId7157,glb_primitive_seg_z16,5288,2.006470639,0.000000000,-10.603115557,-15.972279300,30.465123444,-3.281848672,1.619561144,-0.363367759
Wing,GpuId7157,glb_primitive_seg_z16,428,1.993688839,0.000000000,-10.603115557,-15.972279300,30.465123444,-3.298281361,1.602287358,-0.347520084
Wing,GpuId7157,glb_primitive_seg_z16,5327,1.993688839,0.000000000,-10.603115557,-15.972279300,30.465123444,-3.298281361,1.602287358,-0.347520084
Wing,GpuId7157,glb_primitive_seg_z16,3108,1.987767509,0.000000000,-10.507794945,-22.430197366,33.505053354,-5.814694718,1.498703830,0.581284343
Wing,GpuId7157,glb_primitive_seg_z16,4856,1.980336682,0.000000000,-10.603115557,-15.972279300,30.465123444,-3.286462707,1.603954484,-0.362930190
Wing,GpuId7157,glb_primitive_seg_z16,487,1.977697910,0.000000000,-10.603115557,-15.972279300,30.465123444,-3.321055332,1.711886964,-0.291243661
Wing,GpuId7157,glb_primitive_seg_z16,824,1.977697910,0.000000000,-10.603115557,-15.972279300,30.465123444,-3.321055332,1.711886964,-0.291243661
Wing,GpuId7157,glb_primitive_seg_z16,3283,1.973718661,0.000000000,-9.982195830,-22.408832021,32.203695283,-5.407821037,1.156922012,0.128990947
Wing,GpuId7157,glb_primitive_seg_z16,3109,1.969891560,0.000000000,-9.982195830,-22.408832021,32.203695283,-5.410946922,1.154103732,0.132653385
Wing,GpuId7157,glb_primitive_seg_z16,479,1.967267195,0.000000000,-9.784543963,-17.128314907,30.433885142,-3.359844021,1.301013152,-0.157242918
Wing,GpuId7157,glb_primitive_seg_z16,427,1.965720502,0.000000000,-10.603115557,-15.972279300,30.465123444,-3.275157365,1.708807819,-0.362957681
Wing,GpuId7157,glb_primitive_seg_z16,5286,1.965517810,0.000000000,-10.603115557,-15.972279300,30.465123444,-3.266912506,1.720188567,-0.365351553
Wing,GpuId7157,glb_primitive_seg_z16,877,1.965426896,0.000000000,-9.784543963,-17.128314907,30.433885142,-3.399592133,1.324378182,-0.120304177
Wing,GpuId7157,glb_primitive_seg_z16,4338,1.965426896,0.000000000,-9.784543963,-17.128314907,30.433885142,-3.399592133,1.324378182,-0.120304177
Wing,GpuId7157,glb_primitive_seg_z16,1055,1.937270219,0.000000000,-10.603115557,-15.972279300,30.465123444,-3.271278600,1.769110948,-0.369658634
Wing,GpuId7157,glb_primitive_seg_z16,4339,1.925139640,0.000000000,-9.784543963,-17.128314907,30.433885142,-3.400912076,1.324791276,-0.118854952
Wing,GpuId7157,glb_primitive_seg_z16,243,1.921457210,0.000000000,-9.982195830,-22.408832021,32.203695283,-5.409350138,1.155544553,0.131444897
Wing,GpuId7157,glb_primitive_seg_z16,396,1.921457210,0.000000000,-9.982195830,-22.408832021,32.203695283,-5.409350138,1.155544553,0.131444897
Wing,GpuId7157,glb_primitive_seg_z16,4154,1.921145610,0.000000000,-10.603115557,-15.972279300,30.465123444,-3.319856756,1.670273715,-0.283517472
Wing,GpuId7157,glb_primitive_seg_z16,5289,1.909717395,0.000000000,-10.603115557,-15.972279300,30.465123444,-3.260594990,1.721874583,-0.378697381
Wing,GpuId7157,glb_primitive_seg_z16,3489,1.906065759,0.000000000,-10.506143264,-26.072847888,36.593082008,-7.327764524,0.975508601,1.503307784
Wing,GpuId7157,glb_primitive_seg_z16,961,1.905785089,0.000000000,-10.482750003,-19.630277878,38.475507070,-5.152276001,2.103963045,3.389008409
Wing,GpuId7157,glb_primitive_seg_z16,5806,1.904550117,0.000000000,-6.470710581,-12.881329738,25.394051904,1.676418564,1.704125727,-0.656458380
Wing,GpuId7157,glb_primitive_seg_z16,2629,1.902401134,0.000000000,-10.506143264,-26.072847888,36.593082008,-7.327764524,0.975508601,1.503307784
Wing,GpuId7157,glb_primitive_seg_z16,4272,1.895648782,0.000000000,-9.982195830,-22.408832021,32.203695283,-5.435903168,1.150766901,0.151529423
Wing,GpuId7157,glb_primitive_seg_z16,4189,1.893834418,0.000000000,-9.784543963,-17.128314907,30.433885142,-3.555447154,1.394945364,-0.031507118
Wing,GpuId7157,glb_primitive_seg_z16,779,1.893610799,0.000000000,-9.702585659,-17.967591906,30.496998505,-3.773741811,1.254240854,0.021911164
Wing,GpuId7157,glb_primitive_seg_z16,4153,1.893610799,0.000000000,-9.702585659,-17.967591906,30.496998505,-3.773741811,1.254240854,0.021911164
Wing,GpuId7157,glb_primitive_seg_z16,3500,1.893096415,0.000000000,-10.507794970,-24.111543907,33.566591084,-6.204738283,1.222536625,0.481686730
Wing,GpuId7157,glb_primitive_seg_z16,5297,1.884297266,0.000000000,-10.603115557,-15.972279300,30.465123444,-3.256460289,1.709479835,-0.386878776
Wing,GpuId7157,glb_primitive_seg_z16,2564,1.881026272,0.000000000,-10.506143264,-26.072847888,36.593082008,-7.327764524,0.975508601,1.503307784
Wing,GpuId7157,glb_primitive_seg_z16,4335,1.878485460,0.000000000,-9.784543963,-17.128314907,30.433885142,-3.400911775,1.328637917,-0.118432189
Wing,GpuId7157,glb_primitive_seg_z16,3160,1.877815284,0.000000000,-10.506143264,-26.072847888,36.593082008,-7.327764524,0.975508601,1.503307784
Wing,GpuId7157,glb_primitive_seg_z16,446,1.876518350,0.000000000,-10.603115557,-15.972279300,30.465123444,-3.254851526,1.708151837,-0.392123833
Wing,GpuId7157,glb_primitive_seg_z16,4855,1.876518350,0.000000000,-10.603115557,-15.972279300,30.465123444,-3.254851526,1.708151837,-0.392123833
Wing,GpuId7157,glb_primitive_seg_z16,4274,1.872965214,0.000000000,-9.982195830,-22.408832021,32.203695283,-5.427823260,1.152729958,0.145077559
Wing,GpuId7157,glb_primitive_seg_z16,4817,1.871124322,0.000000000,-10.527429799,-25.951131127,36.267992573,-7.230981067,1.001815198,1.372891173
Wing,GpuId7157,glb_primitive_seg_z16,4730,1.870768452,0.000000000,-10.034241873,-21.364867437,32.289623121,-5.329481624,1.343389193,0.324940779
Wing,GpuId7157,glb_primitive_seg_z16,1000,1.870345884,0.000000000,-10.603115557,-15.972279300,30.465123444,-3.265736487,1.760566324,-0.380082564
Wing,GpuId7157,glb_primitive_seg_z16,3394,1.870194286,0.000000000,-6.470710581,-12.881329738,25.394051904,1.677161970,1.703909347,-0.657901171
Wing,GpuId7157,glb_primitive_seg_z16,3932,1.870194286,0.000000000,-6.470710581,-12.881329738,25.394051904,1.677161970,1.703909347,-0.657901171
Wing,GpuId7157,glb_primitive_seg_z16,681,1.868667234,0.000000000,-10.506143264,-26.072847888,36.593082008,-7.327764524,0.975508601,1.503307784
Wing,GpuId7157,glb_primitive_seg_z16,782,1.866988012,0.000000000,-9.784543963,-17.128314907,30.433885142,-3.470485190,1.377486196,-0.069816670
Wing,GpuId7157,glb_primitive_seg_z16,628,1.857855248,0.000000000,-10.506143264,-26.072847888,36.593082008,-7.327764524,0.975508601,1.503307784
Wing,GpuId7157,glb_primitive_seg_z16,3161,1.857855248,0.000000000,-10.506143264,-26.072847888,36.593082008,-7.327764524,0.975508601,1.503307784
Wing,GpuId7157,glb_primitive_seg_z16,4116,1.857541144,0.000000000,-10.021759379,-21.920175978,31.950647382,-5.388701554,1.201497614,0.149632788
Wing,GpuId7157,glb_primitive_seg_z16,3642,1.854840411,0.000000000,-10.529133813,-26.030033527,35.713203731,-7.121678624,0.985383884,1.123182209
Wing,GpuId7157,glb_primitive_seg_z16,3282,1.854388212,0.000000000,-10.506143264,-26.072847888,36.593082008,-7.327764524,0.975508601,1.503307784
Wing,GpuId7157,glb_primitive_seg_z16,4246,1.849748829,0.000000000,-9.956365000,-20.105864261,31.823930633,-4.910499904,1.396791401,0.260638032
Wing,GpuId7157,glb_primitive_seg_z16,631,1.849711645,0.000000000,-10.506143264,-26.072847888,36.593082008,-7.327764524,0.975508601,1.503307784
Wing,GpuId7157,glb_primitive_seg_z16,2512,1.849711645,0.000000000,-10.506143264,-26.072847888,36.593082008,-7.327764524,0.975508601,1.503307784
Wing,GpuId7157,glb_primitive_seg_z16,3495,1.849485805,0.000000000,-10.506143264,-26.072847888,36.593082008,-7.327764524,0.975508601,1.503307784
Wing,GpuId7157,glb_primitive_seg_z16,768,1.847114756,0.000000000,-10.506143264,-26.072847888,36.593082008,-7.327764524,0.975508601,1.503307784
Wing,GpuId7157,glb_primitive_seg_z16,4594,1.843223111,0.000000000,-10.527429799,-25.951131127,36.267992573,-7.230822107,1.003090349,1.374274685
Wing,GpuId7157,glb_primitive_seg_z16,809,1.842040519,0.000000000,-9.784543963,-17.128314907,30.433885142,-3.366878080,1.322444206,-0.153319821
Wing,GpuId7157,glb_primitive_seg_z16,4852,1.837945167,0.000000000,-10.603115557,-15.972279300,30.465123444,-3.255158085,1.714020082,-0.390435686
Wing,GpuId7157,glb_primitive_seg_z16,696,1.837508331,0.000000000,-10.506143264,-26.072847888,36.593082008,-7.327764524,0.975508601,1.503307784
Wing,GpuId7157,glb_primitive_seg_z16,3162,1.837508331,0.000000000,-10.506143264,-26.072847888,36.593082008,-7.327764524,0.975508601,1.503307784
Wing,GpuId7157,glb_primitive_seg_z16,3703,1.834434887,0.000000000,-10.525857653,-25.634608855,35.467933152,-6.976645876,1.043784984,1.063267789
Wing,GpuId7157,glb_primitive_seg_z16,4110,1.834048069,0.000000000,-10.507794970,-24.111543907,33.566591084,-6.200614274,1.218209502,0.481239418
Wing,GpuId7157,glb_primitive_seg_z16,5804,1.832348623,0.000000000,-5.423212579,-14.866079335,24.645188105,2.480890308,2.125543798,-0.535971199
Wing,GpuId7157,glb_primitive_seg_z16,5811,1.832348623,0.000000000,-5.423212579,-14.866079335,24.645188105,2.480890308,2.125543798,-0.535971199
Wing,GpuId7157,glb_primitive_seg_z16,620,1.831836438,0.000000000,-10.506143264,-26.072847888,36.593082008,-7.327764524,0.975508601,1.503307784
Wing,GpuId7157,glb_primitive_seg_z16,666,1.830065027,0.000000000,-10.445990751,-19.723000698,38.146885941,-5.148399918,2.056018667,3.228443997
Wing,GpuId7157,glb_primitive_seg_z16,5242,1.822234497,0.000000000,-9.982195830,-22.408832021,32.203695283,-5.484470820,1.150040910,0.184513346
Wing,GpuId7157,glb_primitive_seg_z16,3493,1.820115970,0.000000000,-10.506143264,-26.072847888,36.593082008,-7.327764524,0.975508601,1.503307784
Wing,GpuId7157,glb_primitive_seg_z16,2674,1.819384310,0.000000000,-10.506143264,-26.072847888,36.593082008,-7.327764524,0.975508601,1.503307784
Wing,GpuId7157,glb_primitive_seg_z16,4508,1.817410211,0.000000000,-10.523869907,-25.299034352,34.588882802,-6.698644374,1.095421886,0.769613056
Wing,GpuId7157,glb_primitive_seg_z16,686,1.817403109,0.000000000,-10.482743032,-25.950183791,36.954154862,-7.377679011,0.988817723,1.680004680
Wing,GpuId7157,glb_primitive_seg_z16,667,1.814891520,0.000000000,-10.445990751,-19.723000698,38.146885941,-5.148399918,2.056018667,3.228443997
Wing,GpuId7157,glb_primitive_seg_z16,5244,1.809640156,0.000000000,-10.507794945,-22.430197366,33.505053354,-5.812149211,1.494956485,0.582464237
Wing,GpuId7157,glb_primitive_seg_z16,401,1.808180767,0.000000000,-10.507794970,-24.111543907,33.566591084,-6.206945174,1.222648906,0.487219628
Wing,GpuId7157,glb_primitive_seg_z16,3393,1.807195309,0.000000000,-5.423212579,-14.866079335,24.645188105,2.480735465,2.122520499,-0.528417979
Wing,GpuId7157,glb_primitive_seg_z16,3767,1.807195309,0.000000000,-5.423212579,-14.866079335,24.645188105,2.480735465,2.122520499,-0.528417979
Wing,GpuId7157,glb_primitive_seg_z16,4888,1.807195309,0.000000000,-5.423212579,-14.866079335,24.645188105,2.480735465,2.122520499,-0.528417979
Wing,GpuId7157,glb_primitive_seg_z16,5233,1.807195309,0.000000000,-5.423212579,-14.866079335,24.645188105,2.480735465,2.122520499,-0.528417979
Wing,GpuId7157,glb_primitive_seg_z16,3704,1.806858153,0.000000000,-10.529133813,-26.030033527,35.713203731,-7.121920516,0.983670054,1.120557915
Wing,GpuId7157,glb_primitive_seg_z16,3492,1.804592289,0.000000000,-10.529133813,-26.030033527,35.713203731,-7.121494118,0.986697317,1.125169738
Wing,GpuId7157,glb_primitive_seg_z16,1005,1.804234424,0.000000000,-9.784543963,-17.128314907,30.433885142,-3.367832026,1.334322042,-0.162295619
Wing,GpuId7157,glb_primitive_seg_z16,398,1.803934985,0.000000000,-9.982195830,-22.408832021,32.203695283,-5.418841630,1.147652645,0.145499634
Wing,GpuId7157,glb_primitive_seg_z16,183,1.803115352,0.000000000,-10.507794970,-24.111543907,33.566591084,-6.204504477,1.223666512,0.479293096
Wing,GpuId7157,glb_primitive_seg_z16,789,1.803115352,0.000000000,-10.507794970,-24.111543907,33.566591084,-6.204504477,1.223666512,0.479293096
Wing,GpuId7157,glb_primitive_seg_z16,638,1.803010683,0.000000000,-10.482750000,-20.442679946,36.353569720,-5.416089898,1.901085059,2.310798695
Wing,GpuId7157,glb_primitive_seg_z16,1047,1.803010683,0.000000000,-10.482750000,-20.442679946,36.353569720,-5.416089898,1.901085059,2.310798695
Wing,GpuId7157,glb_primitive_seg_z16,679,1.802676062,0.000000000,-10.506143264,-26.072847888,36.593082008,-7.327764524,0.975508601,1.503307784
Wing,GpuId7157,glb_primitive_seg_z16,964,1.802676062,0.000000000,-10.506143264,-26.072847888,36.593082008,-7.327764524,0.975508601,1.503307784
Wing,GpuId7157,glb_primitive_seg_z16,2648,1.802676062,0.000000000,-10.506143264,-26.072847888,36.593082008,-7.327764524,0.975508601,1.503307784
Wing,GpuId7157,glb_primitive_seg_z16,3017,1.802117695,0.000000000,-6.470710581,-12.881329738,25.394051904,1.679934919,1.712115485,-0.666549318
Wing,GpuId7157,glb_primitive_seg_z16,3929,1.802117695,0.000000000,-6.470710581,-12.881329738,25.394051904,1.679934919,1.712115485,-0.666549318
Wing,GpuId7157,glb_primitive_seg_z16,767,1.801949613,0.000000000,-10.506143264,-26.072847888,36.593082008,-7.327764524,0.975508601,1.503307784
Wing,GpuId7157,glb_primitive_seg_z16,4904,1.801040034,0.000000000,-9.702585659,-17.967591906,30.496998505,-3.899018674,1.305870161,0.008146965
Wing,GpuId7157,glb_primitive_seg_z16,684,1.800692384,0.000000000,-10.506143264,-26.072847888,36.593082008,-7.327764524,0.975508601,1.503307784
Wing,GpuId7157,glb_primitive_seg_z16,4821,1.799794847,0.000000000,-10.509643731,-26.341824343,36.025297903,-7.258203901,0.930469344,1.224510931
Wing,GpuId7157,glb_primitive_seg_z16,160,1.799149816,0.000000000,-9.982195830,-22.408832021,32.203695283,-5.426780836,1.150822117,0.146835119
Wing,GpuId7157,glb_primitive_seg_z16,971,1.799149816,0.000000000,-9.982195830,-22.408832021,32.203695283,-5.426780836,1.150822117,0.146835119
Wing,GpuId7157,glb_primitive_seg_z16,4250,1.796734112,0.000000000,-10.528956426,-25.739696569,34.568777543,-6.792309445,1.023866875,0.713678330
Wing,GpuId7157,glb_primitive_seg_z16,426,1.795207639,0.000000000,-9.702585659,-17.967591906,30.496998505,-3.893864080,1.292409693,0.011280339
Wing,GpuId7157,glb_primitive_seg_z16,4186,1.795207639,0.000000000,-9.702585659,-17.967591906,30.496998505,-3.893864080,1.292409693,0.011280339
Wing,GpuId7157,glb_primitive_seg_z16,4252,1.794835808,0.000000000,-10.533302130,-24.345314980,34.519883691,-6.471559118,1.267281646,0.871207006
Wing,GpuId7157,glb_primitive_seg_z16,871,1.794199406,0.000000000,-10.523869907,-25.299034352,34.588882802,-6.697736104,1.104902396,0.809054159
Wing,GpuId7157,glb_primitive_seg_z16,5253,1.793393054,0.000000000,-9.982195830,-22.408832021,32.203695283,-5.435644694,1.140358621,0.162332229
Wing,GpuId7157,glb_primitive_seg_z16,4149,1.792746941,0.000000000,-9.675099168,-20.283997900,30.550464978,-4.615286723,1.008491719,-0.168658578
Wing,GpuId7157,glb_primitive_seg_z16,4768,1.791849025,0.000000000,-10.534446049,-25.379548030,35.469709714,-6.920923919,1.098140597,1.104369883
Wing,GpuId7157,glb_primitive_seg_z16,32,1.791726329,0.000000000,-9.675099168,-20.283997900,30.550464978,-4.617426470,1.013682353,-0.181023582
Wing,GpuId7157,glb_primitive_seg_z16,786,1.791726329,0.000000000,-9.675099168,-20.283997900,30.550464978,-4.617426470,1.013682353,-0.181023582
Wing,GpuId7157,glb_primitive_seg_z16,430,1.791276750,0.000000000,-9.702585659,-17.967591906,30.496998505,-3.794589215,1.275443520,0.023246138
Wing,GpuId7157,glb_primitive_seg_z16,4180,1.790988863,0.000000000,-10.603115557,-15.972279300,30.465123444,-3.320690801,1.743107167,-0.300139681
Wing,GpuId7157,glb_primitive_seg_z16,134,1.789982241,0.000000000,-10.445990751,-19.723000698,38.146885941,-5.148399918,2.056018667,3.228443997
Wing,GpuId7157,glb_primitive_seg_z16,2655,1.789982241,0.000000000,-10.445990751,-19.723000698,38.146885941,-5.148399918,2.056018667,3.228443997
Wing,GpuId7157,glb_primitive_seg_z16,3130,1.789508086,0.000000000,-10.523633132,-25.985749014,35.412148245,-7.040870451,0.990902064,1.007356037
Wing,GpuId7157,glb_primitive_seg_z16,133,1.788247112,0.000000000,-10.445990751,-19.723000698,38.146885941,-5.152937844,2.057327807,3.228585363
Wing,GpuId7157,glb_primitive_seg_z16,906,1.787791942,0.000000000,-10.523869907,-25.299034352,34.588882802,-6.695135393,1.113112352,0.824273630
Wing,GpuId7157,glb_primitive_seg_z16,637,1.787063278,0.000000000,-10.506143264,-26.072847888,36.593082008,-7.327764524,0.975508601,1.503307784
Wing,GpuId7157,glb_primitive_seg_z16,766,1.787063278,0.000000000,-10.506143264,-26.072847888,36.593082008,-7.327764524,0.975508601,1.503307784
