submesh,gpu_id,vertex_id,error,blend,blend_source,d0,d1,packed_factor,local_x,local_y,local_z,pred_x,pred_y,pred_z,pix_x,pix_y,pix_z
Wing,GpuId7157,5257,1.868558451,0.000244141,packed,0.000000000,0.000000000,0.999755859,7.975239754,1.555199191,1.486403542,-1.042734842,-29.055545902,18.299904273,-1.212470000,-30.448900000,19.533300000
Wing,GpuId7157,3965,1.864173418,0.000244141,packed,0.000000000,0.000000000,0.999755859,7.955281574,1.617347047,1.453743650,-1.159795043,-28.932382510,18.257295193,-1.326570000,-30.329900000,19.479700000
Wing,GpuId7157,5080,1.863547592,0.000244141,packed,0.000000000,0.000000000,0.999755859,7.963556917,1.607355262,1.444217847,-1.165635260,-28.980354615,18.272549781,-1.333490000,-30.374500000,19.497700000
Wing,GpuId7157,5081,1.861749337,0.000244141,packed,0.000000000,0.000000000,0.999755859,7.940678029,1.607904549,1.466574322,-1.128685685,-28.891132273,18.274089405,-1.295340000,-30.287000000,19.494700000
Wing,GpuId7157,3123,1.860931411,0.000244141,packed,0.000000000,0.000000000,0.999755859,7.961609778,1.595192487,1.439357744,-1.161378844,-28.996679484,18.296906567,-1.330110000,-30.386300000,19.523100000
Wing,GpuId7157,5079,1.859208793,0.000244141,packed,0.000000000,0.000000000,0.999755859,7.955281574,1.589516526,1.442273806,-1.150694002,-28.983452344,18.308931921,-1.319570000,-30.371300000,19.534500000
Wing,GpuId7157,2690,1.858546872,0.000244141,packed,0.000000000,0.000000000,0.999755859,7.949440156,1.589516526,1.447328313,-1.142205780,-28.961450418,18.310126355,-1.310800000,-30.349500000,19.534500000
Wing,GpuId7157,3842,1.858546872,0.000244141,packed,0.000000000,0.000000000,0.999755859,7.949440156,1.589516526,1.447328313,-1.142205780,-28.961450418,18.310126355,-1.310800000,-30.349500000,19.534500000
Wing,GpuId7157,3969,1.858455817,0.000244141,packed,0.000000000,0.000000000,0.999755859,7.935810180,1.594146227,1.463269452,-1.120186772,-28.899659000,18.302289410,-1.287710000,-30.290500000,19.523500000
Wing,GpuId7157,2688,1.858190893,0.000244141,packed,0.000000000,0.000000000,0.999755859,7.942138383,1.590745881,1.454521266,-1.131384728,-28.931370192,18.309004032,-1.299530000,-30.320300000,19.531900000
Wing,GpuId7157,3746,1.857026500,0.000244141,packed,0.000000000,0.000000000,0.999755859,7.947979802,1.666495121,1.394839200,-1.307532577,-28.889432363,18.245242864,-1.473280000,-30.283700000,19.460600000
Wing,GpuId7157,3748,1.853389516,0.000244141,packed,0.000000000,0.000000000,0.999755859,7.921693419,1.695711937,1.394255987,-1.337761681,-28.767736555,18.228536969,-1.501310000,-30.164800000,19.435400000
Wing,GpuId7157,3841,1.851421919,0.000244141,packed,0.000000000,0.000000000,0.999755859,7.899788100,1.663670218,1.433720025,-1.239335033,-28.714547027,18.261841243,-1.403070000,-30.109500000,19.468100000
Wing,GpuId7157,3960,1.851357770,0.000244141,packed,0.000000000,0.000000000,0.999755859,7.944085523,1.635865853,1.386868631,-1.289721881,-28.929848149,18.301703210,-1.457550000,-30.313900000,19.519800000
Wing,GpuId7157,3749,1.849424647,0.000244141,packed,0.000000000,0.000000000,0.999755859,7.908550228,1.688021924,1.395811220,-1.327213991,-28.738156606,18.251531292,-1.490960000,-30.131400000,19.456700000
Wing,GpuId7157,6653,1.849424647,0.000244141,packed,0.000000000,0.000000000,0.999755859,7.908550228,1.688021924,1.395811220,-1.327213991,-28.738156606,18.251531292,-1.490960000,-30.131400000,19.456700000
Wing,GpuId7157,3962,1.849320299,0.000244141,packed,0.000000000,0.000000000,0.999755859,7.928021622,1.670392440,1.377926041,-1.339375206,-28.838400598,18.274601608,-1.505150000,-30.226200000,19.485600000
Wing,GpuId7157,6650,1.849320299,0.000244141,packed,0.000000000,0.000000000,0.999755859,7.928021622,1.670392440,1.377926041,-1.339375206,-28.838400598,18.274601608,-1.505150000,-30.226200000,19.485600000
Wing,GpuId7157,4945,1.847244736,0.000244141,packed,0.000000000,0.000000000,0.999755859,7.893459897,1.671046352,1.415251633,-1.277465683,-28.700770532,18.273960474,-1.441300000,-30.092000000,19.478100000
Wing,GpuId7157,5256,1.847244736,0.000244141,packed,0.000000000,0.000000000,0.999755859,7.893459897,1.671046352,1.415251633,-1.277465683,-28.700770532,18.273960474,-1.441300000,-30.092000000,19.478100000
Wing,GpuId7157,3966,1.846926100,0.000244141,packed,0.000000000,0.000000000,0.999755859,7.932402686,1.614286736,1.392117542,-1.258975345,-28.921915943,18.340466275,-1.427730000,-30.299800000,19.558700000
Wing,GpuId7157,3961,1.845920872,0.000244141,packed,0.000000000,0.000000000,0.999755859,7.930455547,1.652815268,1.366067389,-1.341339252,-28.882016082,18.308995187,-1.508640000,-30.262900000,19.522500000
Wing,GpuId7157,5072,1.845920872,0.000244141,packed,0.000000000,0.000000000,0.999755859,7.930455547,1.652815268,1.366067389,-1.341339252,-28.882016082,18.308995187,-1.508640000,-30.262900000,19.522500000
Wing,GpuId7157,3847,1.845740517,0.000244141,packed,0.000000000,0.000000000,0.999755859,7.892486328,1.629692918,1.433331216,-1.205469346,-28.743014328,18.319748259,-1.371170000,-30.128100000,19.528400000
Wing,GpuId7157,3886,1.843558787,0.000244141,packed,0.000000000,0.000000000,0.999755859,7.922180204,1.628149684,1.379675678,-1.293596049,-28.881582486,18.341361214,-1.461780000,-30.258200000,19.556000000
Wing,GpuId7157,5082,1.843558787,0.000244141,packed,0.000000000,0.000000000,0.999755859,7.922180204,1.628149684,1.379675678,-1.293596049,-28.881582486,18.341361214,-1.461780000,-30.258200000,19.556000000
Wing,GpuId7157,5265,1.843558787,0.000244141,packed,0.000000000,0.000000000,0.999755859,7.922180204,1.628149684,1.379675678,-1.293596049,-28.881582486,18.341361214,-1.461780000,-30.258200000,19.556000000
Wing,GpuId7157,3745,1.843293350,0.000244141,packed,0.000000000,0.000000000,0.999755859,7.915365216,1.606675193,1.400671324,-1.236808177,-28.874379304,18.360844384,-1.405440000,-30.249600000,19.576600000
Wing,GpuId7157,5083,1.843293350,0.000244141,packed,0.000000000,0.000000000,0.999755859,7.915365216,1.606675193,1.400671324,-1.236808177,-28.874379304,18.360844384,-1.405440000,-30.249600000,19.576600000
Wing,GpuId7157,3724,1.842560284,0.000244141,packed,0.000000000,0.000000000,0.999755859,7.881777061,1.649728801,1.418556503,-1.250219908,-28.694152437,18.314102019,-1.415050000,-30.078900000,19.518400000
Wing,GpuId7157,3744,1.842560284,0.000244141,packed,0.000000000,0.000000000,0.999755859,7.881777061,1.649728801,1.418556503,-1.250219908,-28.694152437,18.314102019,-1.415050000,-30.078900000,19.518400000
Wing,GpuId7157,3760,1.842560284,0.000244141,packed,0.000000000,0.000000000,0.999755859,7.881777061,1.649728801,1.418556503,-1.250219908,-28.694152437,18.314102019,-1.415050000,-30.078900000,19.518400000
Wing,GpuId7157,2782,1.842264058,0.000244141,packed,0.000000000,0.000000000,0.999755859,7.908550228,1.625350938,1.393478371,-1.267611420,-28.832615388,18.346468550,-1.435250000,-30.209600000,19.558800000
Wing,GpuId7157,3967,1.842264058,0.000244141,packed,0.000000000,0.000000000,0.999755859,7.908550228,1.625350938,1.393478371,-1.267611420,-28.832615388,18.346468550,-1.435250000,-30.209600000,19.558800000
Wing,GpuId7157,5249,1.842264058,0.000244141,packed,0.000000000,0.000000000,0.999755859,7.908550228,1.625350938,1.393478371,-1.267611420,-28.832615388,18.346468550,-1.435250000,-30.209600000,19.558800000
Wing,GpuId7157,5248,1.841941748,0.000244141,packed,0.000000000,0.000000000,0.999755859,7.895893822,1.611383364,1.418167695,-1.212204869,-28.793529943,18.357264219,-1.379610000,-30.170900000,19.568700000
Wing,GpuId7157,2780,1.840886225,0.000244141,packed,0.000000000,0.000000000,0.999755859,7.891025973,1.628698970,1.408641893,-1.245538302,-28.761672368,18.345093282,-1.412150000,-30.140300000,19.553600000
Wing,GpuId7157,3743,1.840886225,0.000244141,packed,0.000000000,0.000000000,0.999755859,7.891025973,1.628698970,1.408641893,-1.245538302,-28.761672368,18.345093282,-1.412150000,-30.140300000,19.553600000
Wing,GpuId7157,6655,1.834631197,0.000244141,packed,0.000000000,0.000000000,0.999755859,7.868633869,1.730970906,1.344099723,-1.455414619,-28.600082252,18.275673051,-1.617730000,-29.984700000,19.468300000
Wing,GpuId7157,6654,1.832073744,0.000244141,packed,0.000000000,0.000000000,0.999755859,7.893459897,1.706279165,1.309884598,-1.487718123,-28.741133867,18.318685109,-1.653160000,-30.115400000,19.518900000
Wing,GpuId7157,4947,1.829386668,0.000244141,packed,0.000000000,0.000000000,0.999755859,7.843321057,1.699452317,1.370149876,-1.379843195,-28.547635060,18.323828640,-1.542740000,-29.926400000,19.515100000
Wing,GpuId7157,6672,1.826758283,0.000244141,packed,0.000000000,0.000000000,0.999755859,7.884697770,1.670837100,1.313967084,-1.444961721,-28.763486552,18.376175553,-1.612270000,-30.128400000,19.578700000
Wing,GpuId7157,3761,1.825655045,0.000244141,packed,0.000000000,0.000000000,0.999755859,7.842347487,1.673688159,1.366845006,-1.359273349,-28.585606111,18.365962300,-1.523840000,-29.956900000,19.559900000
Wing,GpuId7157,3762,1.825655045,0.000244141,packed,0.000000000,0.000000000,0.999755859,7.842347487,1.673688159,1.366845006,-1.359273349,-28.585606111,18.365962300,-1.523840000,-29.956900000,19.559900000
Wing,GpuId7157,2971,1.823965883,0.000244141,packed,0.000000000,0.000000000,0.999755859,7.874962073,1.649127201,1.325242523,-1.404106312,-28.756362059,18.407762731,-1.572180000,-30.116900000,19.610900000
Wing,GpuId7157,3658,1.823965883,0.000244141,packed,0.000000000,0.000000000,0.999755859,7.874962073,1.649127201,1.325242523,-1.404106312,-28.756362059,18.407762731,-1.572180000,-30.116900000,19.610900000
Wing,GpuId7157,2785,1.823586052,0.000244141,packed,0.000000000,0.000000000,0.999755859,7.862305666,1.650827374,1.340406045,-1.380420351,-28.702509572,18.404033354,-1.547650000,-30.065000000,19.604500000
Wing,GpuId7157,2788,1.823167261,0.000244141,packed,0.000000000,0.000000000,0.999755859,7.847702120,1.651847478,1.358096820,-1.351814203,-28.641591485,18.400949095,-1.518110000,-30.006200000,19.598500000
Wing,GpuId7157,5066,1.820816648,0.000244141,packed,0.000000000,0.000000000,0.999755859,7.829691081,1.782263813,1.291999418,-1.591802108,-28.453018998,18.287774888,-1.752220000,-29.831000000,19.467100000
Wing,GpuId7157,6587,1.813416963,0.000244141,packed,0.000000000,0.000000000,0.999755859,7.868633869,1.719357418,1.233483777,-1.627086537,-28.714046710,18.394247704,-1.794040000,-30.068700000,19.588200000
Wing,GpuId7157,5568,1.808755484,0.000244141,packed,0.000000000,0.000000000,0.999755859,7.774197607,1.714099960,1.345654956,-1.432218622,-28.340086957,18.396652364,-1.594020000,-29.704500000,19.573000000
Wing,GpuId7157,6589,1.808482708,0.000244141,packed,0.000000000,0.000000000,0.999755859,7.867173515,1.672877308,1.235427818,-1.576884042,-28.776565788,18.462827590,-1.746580000,-30.119800000,19.661800000
Wing,GpuId7157,3436,1.805158197,0.000244141,packed,0.000000000,0.000000000,0.999755859,7.772737252,1.674028194,1.351875888,-1.381475789,-28.389475866,18.451929876,-1.545480000,-29.745100000,19.632600000
Wing,GpuId7157,3963,1.805158197,0.000244141,packed,0.000000000,0.000000000,0.999755859,7.772737252,1.674028194,1.351875888,-1.381475789,-28.389475866,18.451929876,-1.545480000,-29.745100000,19.632600000
Wing,GpuId7157,2970,1.802570002,0.000244141,packed,0.000000000,0.000000000,0.999755859,7.842347487,1.637932217,1.258756313,-1.502433421,-28.733060413,18.518109503,-1.673030000,-30.069000000,19.716200000
Wing,GpuId7157,3663,1.802570002,0.000244141,packed,0.000000000,0.000000000,0.999755859,7.842347487,1.637932217,1.258756313,-1.502433421,-28.733060413,18.518109503,-1.673030000,-30.069000000,19.716200000
Wing,GpuId7157,5068,1.800683488,0.000244141,packed,0.000000000,0.000000000,0.999755859,7.788801152,1.639030790,1.324853715,-1.392128904,-28.512831834,18.511002276,-1.559470000,-29.855900000,19.698700000
Wing,GpuId7157,3026,1.799067356,0.000244141,packed,0.000000000,0.000000000,0.999755859,7.812166826,1.627835806,1.288694548,-1.441361512,-28.631247810,18.537110738,-1.611050000,-29.966700000,19.730600000
Wing,GpuId7157,5561,1.771243702,0.000244141,packed,0.000000000,0.000000000,0.999755859,7.644712834,1.723542458,1.318243975,-1.475242748,-27.964197086,18.554636458,-1.635650000,-29.300500000,19.706100000
Wing,GpuId7157,3434,1.769286635,0.000244141,packed,0.000000000,0.000000000,0.999755859,7.642765694,1.699687726,1.325048119,-1.440329118,-27.987966180,18.586193976,-1.601960000,-29.319500000,19.740000000
Wing,GpuId7157,5084,1.769286635,0.000244141,packed,0.000000000,0.000000000,0.999755859,7.642765694,1.699687726,1.325048119,-1.440329118,-27.987966180,18.586193976,-1.601960000,-29.319500000,19.740000000
Wing,GpuId7157,5788,1.755564265,0.000244141,packed,0.000000000,0.000000000,0.999755859,7.678300989,1.800704149,1.133560057,-1.866896312,-28.109429716,18.560926596,-2.029360000,-29.427500000,19.709100000
Wing,GpuId7157,2564,1.754482944,0.000244141,packed,0.000000000,0.000000000,0.999755859,-7.947979802,1.666495121,1.394839200,-13.036311644,-25.181728745,37.540254254,-12.239700000,-26.649200000,37.001600000
Wing,GpuId7157,620,1.753544402,0.000244141,packed,0.000000000,0.000000000,0.999755859,-7.963556917,1.607355262,1.444217847,-12.931621008,-25.270590663,37.642831993,-12.130000000,-26.732700000,37.100100000
